1,ПРИМОРСКАЯ ЛИНИЯ
2,КУРОРТНАЯ ЛИНИЯ
3,НЕВСКАЯ ЛИНИЯ
4,ЦЕНТРАЛЬНАЯ ЛИНИЯ
1БО,Приморская линия (БО Ритм)
193,АС "СЧАСТЛИВАЯ УЛ." - ГЕОЛОГИЧЕСКАЯ УЛ.
191/,Р.Оккервиль - СТ.Метро"ПЕТРОГРАДСКАЯ"
7/,МОСКОВСКИЙ ВОКЗАЛ - Исаакиевская пл.
10/,А.С."КРЕСТОВСКИЙ ОСТРОВ" - БАЛТИЙСКИЙ ВОКЗАЛ
С-1,СТ.М."ДЕВЯТКИНО"-СТ.М."ПР.ВЕТЕРАНОВ"
С-2,СТ. М. "КУПЧИНО" - СТ. М. "ПАРНАС"
8 А,Уткина Заводь- ст. метро "Ломоносовская"
351Б,'Г. ПЕТРОДВОРЕЦ, ВОКЗАЛ - Ж.-Д. СТ. СТАРЫЙ ПЕТЕРГОФ'
А-2,'Петродворец, Университет - Ст. м. "Пр. Ветеранов"'
194,ООО "Хендэ Мотор  Мануфактуринг Рус" - ст. метро "Комендантский пр."
2/,Театральная пл. - пл. Стачек.
385,'«г.Пушкин, Оранжерейная ул. – пос. Шушары, Вишерская ул.»  '
47А,А.С.УЛ. "ШАВРОВА" - СТ. МЕТРО "ПИОНЕРСКАЯ"
217,'СЕСТРОРЕЦК, КУРОРТНАЯ УЛ. - СОЛНЕЧНОЕ -2'
138,СТ.МЕТРО "ПЛОЩАДЬ МУЖЕСТВА" - КРЕМАТОРИЙ
136,АВТОБУСНАЯ СТАНЦИЯ "РУЧЬИ" - ПЛ. РАСТРЕЛЛИ
22,УЛ. СТАСОВОЙ - ДВИНСКАЯ УЛ.
137,АВТОБУСНАЯ СТАНЦИЯ "ПИСКАРЁВКА" - СТ. МЕТРО "ЧЁРНАЯ РЕЧКА"
174,БЕЛОРУССКАЯ УЛ. - ГРАНИТНАЯ УЛ.
102,'АВТОБУСНАЯ СТАНЦИЯ "ПР. КУЛЬТУРЫ"-ХАСАНСКАЯ УЛ., ТК "ЛЕНТА"'
153,'АВТОБУСНАЯ СТАНЦИЯ "ПР. КУЛЬТУРЫ" - ХАСАНСКАЯ УЛ., ТК "ЛЕНТА"'
15,БЕЛОРУССКАЯ УЛ. - ПЛ. ВОССТАНИЯ
30,'СТ.МЕТРО "ЛАДОЖСКАЯ"-РЯБОВСКОЕ ШОССЕ, 117'
77,БЕЛОРУССКАЯ УЛ. - СТ. МЕТРО "ЛАДОЖСКАЯ"
123,АС "УЛ. ЖЕНИ ЕГОРОВОЙ" - СТ.МЕТРО "ЛАДОЖСКАЯ"
24,ХАСАНСКАЯ УЛ. - СТ. МЕТРО "ВАСИЛЕОСТРОВСКАЯ"
107,АВТОБУСНАЯ СТАНЦИЯ "ПИСКАРЁВКА" - ФИНЛЯНДСКИЙ ВОКЗАЛ
132,АВТОБУСНАЯ СТАНЦИЯ "РУЧЬИ" - СТ. МЕТРО "ПЛОЩАДЬ АЛЕКСАНДРА НЕВСКОГО"
133,Ж.-Д. СТАНЦИЯ "РУЧЬИ" - ФИНЛЯНДСКИЙ ВОКЗАЛ
469,'САНКТ-ПЕТЕРБУРГ, СТ. МЕТРО "УЛИЦА ДЫБЕНКО" - САДОВОДСТВО "ВОСХОД-1"'
485,'САНКТ-ПЕТЕРБУРГ, СТ. МЕТРО "УЛИЦА ДЫБЕНКО" - САД-ВО "СЕВЕРНАЯ САМАРКА" (ЧЕРЕЗ РАЗМЕТЕЛЕВО)'
103,АВТОБУСНАЯ СТАНЦИЯ "ПР. КУЛЬТУРЫ" - УЛ. КОММУНЫ
106,АВТОБУСНАЯ СТАНЦИЯ "ПИСКАРЕВКА" - ФИНЛЯНДСКИЙ ВОКЗАЛ
27,БЕЛОРУССКАЯ УЛ. - ТЕАТРАЛЬНАЯ ПЛ.
33,АВТОБУСНАЯ СТАНЦИЯ "ПИСКАРЁВКА" - СТ. МЕТРО "ЧЁРНАЯ РЕЧКА"
85,ГЛУХАРСКАЯ УЛ. - СТАНЦИЯ МЕТРО "ОЗЕРКИ"
178,АВТОБУСНАЯ СТАНЦИЯ "ПР. КУЛЬТУРЫ" - АВТОБУСНАЯ СТАНЦИЯ "ПИСКАРЕВКА"
119,УТКИНА ЗАВОДЬ - СТ. МЕТРО "ЛОМОНОСОВСКАЯ"
65,ДВИНСКАЯ УЛ. - МОСКОВСКИЙ ВОКЗАЛ
12,УЛ. ПОДВОЙСКОГО - РОЩИНСКАЯ УЛ.
118,ПР. АЛЕКСАНДРОВСКОЙ ФЕРМЫ - УЛ. КОЛЛОНТАЙ
177,АВТОБУСНАЯ СТАНЦИЯ "РУЧЬИ" - ДЕРЕВНЯ НОВАЯ
113,'СТ. МЕТРО "ПАРНАС" - 3-Й ВЕРХНИЙ ПЕР., 5'
1,НАЛИЧНАЯ УЛ. - БЕЛООСТРОВСКАЯ УЛ.
6,УЛ. КОРАБЛЕСТРОИТЕЛЕЙ - ПЛ.СТАЧЕК
171,'КОЛОМЯГИ, НОВОНИКИТИНСКАЯ УЛ. - СТ. МЕТРО КОМЕНДАНТСКИЙ ПР.'
143,АВТОБУСНАЯ СТАНЦИЯ "УЛ. ЖЕНИ ЕГОРОВОЙ" - СТ. МЕТРО "ПОЛИТЕХНИЧЕСКАЯ"
69,ПРИДОРОЖНАЯ АЛЛЕЯ - СТ. МЕТРО "ПОЛИТЕХНИЧЕСКАЯ"
154,СТ. МЕТРО "СТАРАЯ ДЕРЕВНЯ" - КАМЫШОВАЯ УЛ.
36,АС ЗВЁЗДНАЯ УЛ. - СТ. М. БУХАРЕСТСКАЯ
48,ТРОИЦКОЕ ПОЛЕ - СТ.МЕТРО "ОБУХОВО"
58,ХРУСТАЛЬНАЯ УЛ.-АТАМАНСКАЯ УЛ. 
40,'КОЛОМЯГИ, АВТОБУСНЫЙ ПАРК - СУЗДАЛЬСКИЙ ПР.'
398,ПОС. ПАРГОЛОВО - СЕВЕРНОЕ КЛАДБИЩЕ
127,'КОЛОМЯГИ, АВТОБУСНЫЙ ПАРК - ГЛУХАРСКАЯ УЛ.'
86,АС "УЛ. ЖЕНИ ЕГОРОВОЙ" - ФИНЛЯНДСКИЙ ВОКЗАЛ
172,РЕПИЩЕВА УЛ. - ШУВАЛОВСКИЙ ПР.
93,ШКОЛЬНАЯ УЛ. - СУЗДАЛЬСКИЙ ПР.
21,АС "БЕЛОРУССКАЯ УЛ." - СТ.М. "ЛАДОЖСКАЯ"
140,'СТ. МОСКОВСКАЯ-СОРТИРОВОЧНАЯ - УЛ. КОЛЛОНТАЙ, 47'
92,БЕЛОРУССКАЯ УЛ. - СТ.МЕТРО "ЛАДОЖСКАЯ"
435,АВТОБУСНАЯ СТАНЦИЯ "УЛ. ЖЕНИ ЕГОРОВОЙ" - ПОС. ЕЛИЗАВЕТИНКА
134,АФОНСКАЯ УЛ. - ПРИМОРСКИЙ ПР.
7,УЛ. КОРАБЛЕСТРОИТЕЛЕЙ - МОСКОВСКИЙ ВОКЗАЛ
8,УТКИНА ЗАВОДЬ - СТ.МЕТРО "ПЛ. АЛЕКСАНДРА НЕВСКОГО"
19,БЕЛОРУССКАЯ УЛ. - МОЛОКОЗАВОД
74,МАЛАЯ БАЛКАНСКАЯ УЛ. - ПЛ. ПРОЛЕТАРСКОЙ ДИКТАТУРЫ
23,'БЕЛОРУССКАЯ УЛ. - НОВО-КОВАЛЕВО, 3 ЛИНИЯ'
29,КАРБЮРАТОРНЫЙ ЗАВОД - СТ. МЕТРО "МОСКОВСКИЕ ВОРОТА"
476,'С.-ПЕТЕРБУРГ, СТ. МЕТРО "ЛОМОНОСОВСКАЯ" - ПОСЕЛОК СВЕРДЛОВА'
397,'АВТОБУСНАЯ СТАНЦИЯ "УЛ. ЖЕНИ ЕГОРОВОЙ" - ПОС. ПАРГОЛОВО, СПК "ПРИГОРОДНЫЙ"'
К-174,'г. Пушкин, Славянка - м.КУПЧИНО'
К-4 МЕГА,К-4 МЕГА
52,ФИНЛЯНДСКИЙ ВОКЗАЛ - СТ. МЕТРО "ЛЕСНАЯ" проект
46Б,А.С. "КРЕСТОВСКИЙ ОСТРОВ" - ПЛ. АЛЕКСАНДРА НЕВСКОГО
80Х,АС Жени Егоровой - ж/д ст. Пискарёвка
142Х,Счастливая ул. - ул. Доблести
51А,УЛ. ГРИБАКИНЫХ- ЗАВОД ЖЕЛЕЗОБЕТОННЫХ ИЗДЕЛИЙ № 1
0,АС РУЧЬИ - ТЕАТРАЛЬНАЯ ПЛ.
Центр 2,Центр 2
Центр 3,Центр 3
ВО,Васильевский остров
ПС ук,Петроградская сторона укороченный
195У,ст. метро "Проспект Ветеранов" - Южное кладбище
0,проекты Соболевой
187А,ЭКСПОФОРУМ 
187а,'УЛ. КОСТЮШКО - Г. ПУШКИН, ВОКЗАЛ'
3Ч,А.С. "КРЕСТОВСКИЙ ОСТРОВ" - СТ. МЕТРО "СПОРТИВНАЯ"
4Ч,НАБ.МАРТЫНОВА-СТ.М.ПЕТРОГРАДСКАЯ
ПРОЕКТ1,ОСНОВНОЙ
S2,А.С. "КРЕСТОВСКИЙ ОСТРОВ" - ПЛ. ВОССТАНИЯ
8 С,река Оккервиль- Смольный
75а,АС "УЛ. ЖЕНИ ЕГОРОВОЙ" - БЕРЕГОВАЯ УЛ.
145Б,'А.С. "КИРОВСКИЙ ЗАВОД" - ГЕОЛОГИЧЕСКАЯ УЛ.,75'
483Б,'Г.ЗЕЛЕНОГОРСК, ВОКЗАЛ - САНАТОРИЙ "СОСНОВЫЙ БОР"'
2,проекты маршрутов  Билык
135/,Пл.Восстания - Исаакиевская пл.
С-3/1,СТ. МЕТРО "ПРИМОРСКАЯ" - СТ. МЕТРО "ОБУХОВО"
А-3,А. С. ПР.МАРШАЛА ЖУКОВА-СТ.М "ПР.ВЕТЕРАНОВ"
392А,'Г.КОЛПИНО, ЗАВОДСКОЙ ПР. - СОВХОЗ ИМ.ТЕЛЬМАНА'
356Ш,УЛ. ШАХМАТОВА - Ж.-Д. СТ. СТАРЫЙ ПЕТЕРГОФ
31А,Костюшко -Александра Невского
1ЧМА, 
S5,Стадион - станция метро "Спортивная"
1ЧМБ,.
000Д,ст.метро ул. Дыбенко - Кудрово
1Чм,ВЫБОРГСКАЯ-СПОРТИВНАЯ
1СП,АС Звездная-Ст. М. Ладожская
2СП,АС "Малая балканская"-СТ м.Купчино
3СП,АС "УЛ.Костюшко" - СТ.метро "Бухарестская"
СП02,АС "ПР. КУЛЬТУРЫ" - СТ. М. УДЕЛЬНАЯ
СП005,УЛ. СТАСОВОЙ - СТ. М. "БУХАРЕСТСКАЯ"
к-446,ж.-д. станция Красное Село - ж.-д. станция Можайская
К-01,Станция метро «Проспект Просвещения»-ул. 1-го Мая у Успенской дороги
К-305а,станция метро Старая Деревня» -Приозерная ул.
320,'Зеленогорск, вокзал - Зеленогорск, вокзал'
К-33,'Станция метро "Московская", северный проезд ул. Типанова - "Аутлет Вилладж Пулково"'
8Б,ст. метро "Ломоносовская"-ст. метро  "Елизаровская"
100,НАЛИЧНАЯ УЛ. - СТ. М. "ВАСИЛЕОСТРОВСКАЯ"
106Х,АС Пискарёвка - Финляндский вокзал
130Х,АС Маршала Жукова - ст.метро Московская
З0Т,УЛ. ПОДВОЙСКОГО-РЖЕВСКАЯ ПЛ.
ПС,Петроградская сторона
10а,ХАСАНСКАЯ УЛ.- СТ. МЕТРО "НОВОЧЕРКАССКАЯ"10А
379А,'Г.ПАВЛОВСК, ВОКЗАЛ - СНТ "ПАВЛОВСКОЕ-2"'
1Ч,СПОРТИВНАЯ УЛ.-СТ.М.ВЫБОРГСКАЯ
8ТМ,Хасанская ул. - ст. метро "Ладожская"
S3,СТ. МЕТРО "ПЕТРОГРАДСКАЯ" - СТАДИОН
СП007,Ж.Д. СТ. СОРТИРОВОЧНАЯ- СТ. М. КУПЧИНО
78 К,СТ. МЕТРО "НАРВСКАЯ"
66/,АС "КИРОВСКИЙ ЗАВОД" - Комсомольская пл.
54А,МАЛАЯ БАЛКАНСКАЯ УЛ. - СТ. МЕТРО "БУХАРЕСТСКАЯ"
82,Ж.-Д. СТАНЦИЯ "ПИСКАРЕВКА" - СТ. МЕТРО "ЛАДОЖСКАЯ"
80,УЛ. ЖЕНИ ЕГОРОВОЙ - Ж.-Д. СТАНЦИЯ "ПИСКАРЁВКА"
25А,А.С. "КРЕСТОВСКИЙ ОСТРОВ"-ПР. ДИНАМО-БЕЛООСТРОВСКАЯ УЛ.
46,ТАЛЛИНСКАЯ УЛ. - БЕЛООСТРОВСКАЯ УЛ.
189,'УЛ. ГРИБАКИНЫХ - ПОС. САПЕРНЫЙ, МЕБЕЛЬНЫЙ КОМБИНАТ'
128,НАЛИЧНАЯ УЛ. - АПТЕКАРСКАЯ НАБ.
81,СЧАСТЛИВАЯ УЛ. - ПОС. ТОРИКИ
1Л,'Г. ЛОМОНОСОВ, ВОКЗАЛ - МАЛАЯ ИЖОРА'
2КР,'Г.КРОНШТАДТ, ЛЕНИНГРАДСКАЯ ПРИСТАНЬ-ФОРТ "ШАНЦ"'
3КР,'Г.КРОНШТАДТ, ЛЕНИНГРАДСКАЯ ПРИСТАНЬ-КВАРТАЛ 19-Б'
3Л,'Г. ЛОМОНОСОВ, ВОКЗАЛ - Г. ЛОМОНОСОВ, ВОКЗАЛ'
10,А.С."КРЕСТОВСКИЙ ОСТРОВ"-БАЛТИЙСКИЙ ВОКЗАЛ
18А,УЛ.СТОЙКОСТИ - СТАНЦИЯ МЕТРО "ЛЕНИНСКИЙ ПРОСПЕКТ"
25,А.С."КРЕСТОВСКИЙ ОСТРОВ"-БЕЛООСТРОВСКАЯ УЛ.
26,А.С. "КИРОВСКИЙ ЗАВОД" - МОСКОВСКИЙ ВОКЗАЛ
483А,'Г. ЗЕЛЕНОГОРСК, ВОКЗАЛ - САНАТОРИЙ "СОСНОВЫЙ БОР"'
494,'"ПОС. БЕЛООСТРОВ" - АЛЕКСАНДРОВСКОЕ ШОССЕ, САДОВОДСТВО "САДЫ"'
497,Ж.-Д. СТАНЦИЯ ПЕСОЧНАЯ - ПОС. ЧЕРНАЯ РЕЧКА
117,ТРОИЦКОЕ ПОЛЕ - УЛ. САМОЙЛОВОЙ
8А,СТ - СТ. МЕТРО "ЕЛИЗАРОВСКАЯ" -СТ. МЕТРО "ПЛ. АЛЕКСАНДРА НЕВСКОГО"
4,УТКИНА ЗАВОДЬ-РЕКА "ОККЕРВИЛЬ"
187шк,'ПУШКИН, А.С. "ЖЕЛЕЗНОДОРОЖНАЯ УЛ." - "СЛАВЯНКА", РОСТОВСКАЯ УЛ.'
84А,'ПОС.ЛЕВАШОВО, ВОКЗАЛ - ПОС.НОВОСЕЛКИ, КАРЬЕР'
154А,СТ. МЕТРО "СТАРАЯ ДЕРЕВНЯ" - ШУВАЛОВСКИЙ ПР.
126,СТ. МЕТРО "СТАРАЯ ДЕРЕВНЯ" - СТ. МЕТРО "СТАРАЯ ДЕРЕВНЯ"(КОЛЬЦЕВОЙ)
126 Т,ст. метро Старая деревня- ст. метро Старая деревня
55,ТАЛЛИНСКАЯ УЛ. - ЕДИНЫЙ ЦЕНТР ДОКУМЕНТОВ
134Ш,ШКОЛЬНАЯ УЛ. - ГБОУ ГИМНАЗИИ №540
К-58,станция метро "Озерки" - пр. Культуры 
К-59,'станция метро "Московские ворота", Московский пр., д. 103  - станция метро "Купчино", Балканская пл.'
К-2,ж.-д. станция Лигово - Никольская пл.
К-60,'пр. Стачек, д. 90 - пр. Народного Ополчения, д. 205'
К-3,Садовая улица - аэропорт Пулково-2
К-175,'ТРК "Северный молл", пр. Культуры, д. 41 - Авт. станция "Наличная"'
К-6,'станция метро "Новочеркасская" - ул. Академика Константинова, д.1'
К-7,'Садовая ул., д. 39-41 - наб. реки Фонтанки, д. 201'
К-8,станция метро "Площадь Александра Невского" - Уткина Заводь
К-66,'ул. Червонного Казачества - Канонерский остров, д. 11'
К-177,ст.метро "Нарвская"-Финляндский вокзал
К-11к,Троицкое Поле - ж.-д. станция Предпортовая
К-68,станция метро "Проспект Ветеранов" - улица Чекистов
К-12,торговый дом "Максидом" - на пересечении улицы Коллонтай и улицы Лопатина
К-179А,ст. метро "Старая деревня"-Пилотная улица
К-13,станция Станция метро "Московская" (северный проезд ул. Типанова)- Авиагородок
К-70,станция метро "Озерки" - на пересечении пр. Луначарского и Светлановского пр.
К-71,'станция метро "Старая Деревня" - Глухарская ул., д.4'
К-183,Прибалтийская пл. - ст. метро "Площадь Ленина"
К-14,станция метро "Пионерская" - Глухарская улица
К-15,Улица Смольного - ТК "Радуга"
78,СТ.МЕТРО "НАРВСКАЯ" - СТ. МЕТРО "НАРВСКАЯ"
1,АВТОБУСНАЯ СТАНЦИЯ "РУЧЬИ" - СТ. МЕТРО "ОЗЕРКИ"
335А,'Г. КОЛПИНО, ЛЕНИНГРАДСКАЯ УЛ. - ПОС. МЕТАЛЛОСТРОЙ, ЦЕНТРАЛЬНАЯ УЛ.'
5,УЛ. ГРИБАКИНЫХ - СТ. МЕТРО "ЛАДОЖСКАЯ"
51,УЛ. ГРИБАКИНЫХ - ЗАВОД ЖЕЛЕЗОБЕТОННЫХ ИЗДЕЛИЙ №1
164,УЛ. ПОДВОЙСКОГО - УЛ. ХИМИКОВ
16,ЗВЕЗДНАЯ УЛ. - СТ.МЕТРО "ПАРК ПОБЕДЫ"
4Л,'Г. ЛОМОНОСОВ, ВОКЗАЛ - БИЗНЕС-ПАРК "МАРТЫШКИНО"'
67,БАЛТИЙСКИЙ ВОКЗАЛ - КАНОНЕРСКИЙ ОСТРОВ
67А,ДВИНСКАЯ УЛ. - КАНОНЕРСКИЙ ОСТРОВ
68,СЧАСТЛИВАЯ УЛ. - ЛЕНИНГРАДСКИЙ ЭЛЕКТРОМЕХАНИЧЕСКИЙ ЗАВОД
382,'Г.ПУШКИН, АВТОБУСНАЯ СТАНЦИЯ "ЖЕЛЕЗНОДОРОЖНАЯ УЛ." - КАЗАНСКОЕ КЛАДБИЩЕ'
124,БЕЛОРУССКАЯ УЛ. - ЧЕЛЯБИНСКАЯ УЛ.
360Б,'Г. ПЕТРОДВОРЕЦ, ВОКЗАЛ - ЖИЛГОРОДОК'
155,УЛ. КОСТЮШКО - Ж.-Д.СТ. АЛЕКСАНДРОВСКАЯ
166,СТ. МЕТРО "СТАРАЯ ДЕРЕВНЯ"- КАМЫШОВАЯ УЛ.
216,'Г. СЕСТРОРЕЦК, КУРОРТНАЯ УЛ. - СТ. МЕТРО "СТАРАЯ ДЕРЕВНЯ"'
318,'Г. ЗЕЛЕНОГОРСК, ВОКЗАЛ - ПОС. СЕРОВО'
319,'Г.ЗЕЛЕНОГОРСК, ВОКЗАЛЬНАЯ ПЛ. - САНАТОРИЙ "СОСНОВАЯ ПОЛЯНА"'
134А,ШКОЛЬНАЯ УЛ. - АФОНСКАЯ УЛ.
187Ф,'Санкт- Петербург,ул. Костюшко - г. Пушкин, Вокзал'
84ШК,Ж.- Д.СТАНЦИЯ ПЕСОЧНАЯ - ПОС. НОВОСЕЛКИ
372,'Г. ПУШКИН, КРАСНОСЕЛЬСКОЕ ШОССЕ - Г. ПАВЛОВСК, САДОВАЯ УЛ. '
126 т,ст. метро Старая деревня -ст. метро Старая деревня
К-62,улица Кораблестроителей - Балтийский вокзал
К-10,станция метро "Василеостровская" - на пересечении пр. Просвещения и Выборгского шоссе
К-184,ст.метро "Проспект Ветеранов"-ул. Чекистов
К-278,ст. метро "Озерки" - вещевой рынок "Гражданский"
К-17,станция метро "Ладожская" - станция метро "Черная речка"
К-278А,ул. Академика Байкова - ж. -д. станция Ручьи
К-279,'Туристская ул., д. 11- Новоколомяжский пр., д. 13 '
К-186,Уральская ул. -Балтийский вокзал
К-281,ст. метро "Обухово" - ст. метро " Балтийская" 
К-78,станция метро "Проспект Ветеранов" - ж.-д. станция Сосновая Поляна 
К-25,станция метро "Владимирская" - Балканская площадь
К-79,станция метро "Пионерская" - пр. Королева
К-26,БКЗ "Октябрьский" - Бестужевская улица
К-81,станция метро "Проспект Ветеранов" - улица Политрука Пасечника
К-287,'ст.метро "Московская" - г. Пушкин, Красносельское шоссе, д. 1'
К-28, гостиница "Карелия" - гостиница "Карелия"
К-299,'ст. метро "Московская" - г. Павловск, Звериницкая ул.'
К-28к,ул. Коммуны - Финляндский вокзал
К-191,Финляндский вокзал-ул. Демьяна Бедного
К-83,станция метро "Улица Дыбенко" - ж.-д. станция Пискаревка
К-288,ст. метро "Пионерская" - на пересечении Гражданского пр. и Суздальского пр.
К-193,ст. метро "Старая Деревня"-ж.д. станция Ручьи
К-194,ст. метро "Московская-ст. метро "Волковская"
К-29,станция метро "Ломоносовская" - улица Солдата Корзуна
К-84,станция метро "Проспект Ветеранов" - станция метро "Проспект Ветеранов"
К-289,пл. Искусств - пр. Энергетиков
К-195,Сенная пл.-ул. Партизана Германа
К-85,станция метро "Удельная" - Глухарская улица
К-31,Площадь Конституции (Ленинский пр.)-Б. Смоленский пр. у ул. Пинегина
К-291,'г. Колпино, ул. Ижорского Батальона, д. 7 г.-  Пушкин, вокзал,шоссе Подбельского'
К-199,ст. метро "Озерки"-ул.Руставели
К-86,станция метро "Звездная" - Благодатная улица
К-87,станция метро "Ленинский проспект" - ж.-д. станция Лигово
К-292,'ст. метро" Купчино" - г. Колпино, ул. Ижорского Батальона '
К-35,'станция метро "Ленинский проспект" - пр. Героев, угол Ленинского пр.'
61,ДЕРЕВНЯ "НОВАЯ" - СТ. МЕТРО "АКАДЕМИЧЕСКАЯ" - ДЕРЕВНЯ "НОВАЯ"
683,'Г. ЛОМОНОСОВ, ВОКЗАЛ - ДЕР. КЛЯСИНО'
18,ул. СТОЙКОСТИ - КОРАБЕЛЬНАЯ УЛ.
43,ПОРТ - БАЛТИЙСКИЙ ВОКЗАЛ
192,'Г. КОЛПИНО, ВОКЗАЛ - ЗВЕЗДНАЯ УЛ.'
367,КОМБИНАТ СТРОИТЕЛЬНЫХ МАТЕРИАЛОВ - СОВХОЗ ИМ. ТЕЛЬМАНА
368,'КОМБИНАТ СТРОИТЕЛЬНЫХ МАТЕРИАЛОВ - Г. КОЛПИНО, ОБОРОННАЯ УЛ.'
376ШК,'САПЕРНАЯ УЛ., 9 - Г.ПУШКИН, АВТОБУСНАЯ СТАНЦИЯ "ЖЕЛЕЗНОДОРОЖНАЯ УЛ."'
377,'Г. ПУШКИН, АВТОБУСНАЯ СТАНЦИЯ "ЖЕЛЕЗНОДОРОЖНАЯ УЛ." - ДЕТСКОСЕЛЬСКИЙ БУЛЬВАР '
396,'ПОС. ПЕТРО-СЛАВЯНКА - ПОС. МЕТАЛЛОСТРОЙ, ЦЕНТРАЛЬНАЯ УЛ.'
173,АВТОБУСНАЯ СТАНЦИЯ "УЛ. ЖЕНИ ЕГОРОВОЙ" - ПОС. КАМЕНКА
75,АВТОБУСНАЯ СТАНЦИЯ "УЛ. ЖЕНИ ЕГОРОВОЙ" - ПОС. ЛЕВАШОВО
349,'Г. ЛОМОНОСОВ, ВОКЗАЛ - Ж.-Д. СТ. СТАРЫЙ ПЕТЕРГОФ'
99,А.С."УЛ. ЖЕНИ ЕГОРОВОЙ" - ПОС. БУГРЫ
99ШК,УЛ. ОРБЕЛИ - ПОС. БУГРЫ
163,'Ж.-Д. СТ. ЛИГОВО - БСХ, БЫТОВЫЕ ПРИБОРЫ'
88,УЛ.СТОЙКОСТИ - СТ. МЕТРО "ПРОСПЕКТ ВЕТЕРАНОВ"
89,УЛ.СТОЙКОСТИ - СТ. МЕТРО "ПРОСПЕКТ ВЕТЕРАНОВ"
337А,'Г. КОЛПИНО, ЗАВОДСКОЙ ПР. - ПОС. МЕТАЛЛОСТРОЙ, ЦЕНТРАЛЬНАЯ УЛ.'
376,'г.Пушкин, Автобусная станция"Железнодорожная ул." - Красносельское шоссе(пустой)'
110,СТ. МЕТРО "СТАРАЯ ДЕРЕВНЯ" - МОТЕЛЬ- КЕМПИНГ "ОЛЬГИНО" 
131,АВТОБУСНАЯ СТАНЦИЯ "РУЧЬИ" - Ж.-Д.СТ. "ПИСКАРЁВКА"
306А,'ПАНСИОНАТ "ДЮНЫ" - Г.СЕСТРОРЕЦК, КУРОРТНАЯ УЛ.'
309,'Ж.-Д.СТАНЦИЯ ГОРСКАЯ - Г.СЕСТРОРЕЦК, КУРОРТНАЯ УЛ.'
312,'Г. СЕСТРОРЕЦК, УЛ. ВОЛОДАРСКОГО - Г. СЕСТРОРЕЦК, КУРОРТНАЯ УЛ. (ТОЛЬКО В ОДНУ СТОРОНУ)'
305,'Г.ЗЕЛЕНОГОРСК, ВОКЗАЛ - ВЫБОРГСКОЕ ШОССЕ, 764-Й КМ'
213,'Г.ЗЕЛЕНОГОРСК, ВОКЗАЛ - 21 КМ'
404,'Г. ЗЕЛЕНОГОРСК, ВОКЗАЛ - ПОС. ПОДГОРНОЕ'
408,'ПОС. РЕПИНО, ВОКЗАЛ - ПОСЕЛОК ЛЕНИНСКОЕ'
415,'Г. ЗЕЛЕНОГОРСК, ВОКЗАЛ -  53 КМ АВТОДОРОГИ "ПАРГОЛОВО-ОГОНЬКИ"'
415Ш,'Г.ЗЕЛЕНОГОРСК,ВОКЗАЛ - ЖИЛГОРОДОК - ШКОЛА №445 - Д/С "ПИОНЕР" - Г.ЗЕЛЕНОГОРСК'
211,'СПб.,СТ. МЕТРО "ЧЁРНАЯ РЕЧКА" - Г. ЗЕЛЕНОГОРСК, ВОКЗАЛ '
321,'Г. ЗЕЛЕНОГОРСК, ВОКЗАЛЬНАЯ ПЛ. - ПОС. РЕШЕТНИКОВО'
410,'Г.ЗЕЛЕНОГОРСК, ВОКЗАЛ - ПОС. ПЕРВОМАЙСКОЕ'
420,'Г.ЗЕЛЕНОГОРСК, ВОКЗАЛ - ПОС.КРАСНАЯ ДОЛИНА'
420Б,'Г. ЗЕЛЕНОГОРСК,ВОКЗАЛ - ПОС.ПЕСКИ'
483,'Г. ЗЕЛЕНОГОРСК, ВОКЗАЛ - САНАТОРИЙ "СОСНОВЫЙ БОР" (ЧЕРЕЗ ЗЕЛЕНЫЙ ХОЛМ)'
381,'Г.ПУШКИН,ЖЕЛЕЗНОДОРОЖНАЯ УЛ. - КРАСНОСЕЛЬСКОЕ ШОССЕ'
141,АС "УЛ. КОСТЮШКО" - МОСКОВСКИЙ ВОКЗАЛ
200Ф,'Санкт-Петербург, А.С."Кировский завод"- г. Ломоносов, Вокзал'
326Ф,'г. Колпино, вокзал - ст.м. "Купчино"'
415А,'Г. ЗЕЛЕНОГОРСК, ВОКЗАЛ - 53 км АВТОДОРОГИ "ПАРГОЛОВО - ОГОНЬКИ"  '
125,СТ.МЕТРО "СТАРАЯ ДЕРЕВНЯ" -"СТ.МЕТРО "СТАРАЯ ДЕРЕВНЯ" (КОЛЬЦЕВОЙ)
175,'Г. ЛОМОНОСОВ, ВОКЗАЛ - Г. КРОНШТАДТ, ГРАЖДАНСКАЯ УЛ.'
168,СТ. МЕТРО "ЛАДОЖСКАЯ" - УЛ. ХИМИКОВ
9,'КОЛОМЯГИ, АВТОБУСНЫЙ ПАРК - ПЛ. МУЖЕСТВА'
182,АФОНСКАЯ УЛ. - ГЛУХАРСКАЯ УЛ.
К-65,станция метро "Пионерская" - улица Демьяна Бедного
К-9,на пересечении ул. Академика Константинова с пр. Науки - улица Карпинского
б/№,АС "КИРОВСКИЙ ЗАВОД" - ПОС. НОВОСЕЛЬЕ
К-178,Финляндский вокзал-ст. метро "Парнас"
К-10А,'пос. Бугры, Шоссейная ул., д. 28 - станция метро Политехническая ( Политехническая ул., д. 26)'
К-20,'Станция метро "Нарвская", пл. Стачек, д. 5 - пр. Ветеранов у ул. Пионерстроя'
К-187,ул. Коммуны - Витебский вокзал
К-23,'станция метро "Старая Деревня" (Торфяная дор., д. 6) - Комендантский пр., д. 50, к. 5'
К-290,ст. метро "Московская" - Южное кладбище
К-32,станция метро "Приморская" - станция метро "Ладожская"
К-200,ст. метро "Озерки"-ул. Сантьяго-де-Куба
101,'С.-ПЕТЕРБУРГ, СТ. МЕТРО"СТАРАЯ ДЕРЕВНЯ" - Г. КРОНШТАДТ, ГРАЖДАНСКАЯ УЛ. '
83,АВТОБУСНАЯ СТАНЦИЯ "КИРОВСКИЙ ЗАВОД" - УЛ.ДОБЛЕСТИ
438,'Г.КОЛПИНО, ЛЕНИНГРАДСКАЯ УЛ. - Ж.Д. СТ.САБЛИНО'
87,Ж.-Д. СТАНЦИЯ ЛИГОВО - ПР. МАРШАЛА ЖУКОВА
28,БЕЛОРУССКАЯ УЛ. - ФИНЛЯНДСКИЙ ВОКЗАЛ
37,БЕЛОРУССКАЯ УЛ. - ФИНЛЯНДСКИЙ ВОКЗАЛ
45,АФОНСКАЯ УЛ. - Ж.-Д. СТАНЦИЯ "УДЕЛЬНАЯ"
188,ПУШКИН - ЛЕСНОЕ
96,МАЛАЯ БАЛКАНСКАЯ УЛ. - Ж.-Д. СТАНЦИЯ " ОБУХОВО"
273,'Г. ПУШКИН, АВТОБУСНАЯ СТАНЦИЯ "ЖЕЛЕЗНОДОРОЖНАЯ УЛ." - Ж.-Д. СТ. КРАСНОЕ СЕЛО '
392,'Г.КОЛПИНО, ВОКЗАЛ - СОВХОЗ ИМ. ТЕЛЬМАНА'
394,'КОМБИНАТ СТРОИТЕЛЬНЫХ МАТЕРИАЛОВ - Г. КОЛПИНО, ВОКЗАЛ'
396А,'СТ. МЕТРО "РЫБАЦКОЕ" - ДОРОГА НА ПОС. МЕТАЛЛОСТРОЙ, Д. 3а'
79,ГЛУХАРСКАЯ УЛ. - СТ. МЕТРО "ЧЕРНАЯ РЕЧКА"
545,'Г.ПУШКИН, АВТОБУСНАЯ СТАНЦИЯ "ЖЕЛЕЗНОДОРОЖНАЯ УЛ."- Г. КОММУНАР'
105,АВТОБУСНАЯ СТАНЦИЯ "ПИСКАРЕВКА" - ПЛ. ВОССТАНИЯ
109,'Ж. - Д. СТ. ПЕСОЧНАЯ - САНКТ-ПЕТЕРБУРГ, СТ. МЕТРО "ОЗЕРКИ"'
109А,Ж.-Д. СТАНЦИЯ ПЕСОЧНАЯ - РЕНТГЕНОРАДИОЛОГИЧЕСКИЙ ИНСТИТУТ - СТ.МЕТРО "ОЗЕРКИ"
112,'ЛАХТА, ВОКЗАЛ - КОННОЛАХТИНСКИЙ ПР.'
484Ш,'КЕЛОЗИ - РУССКО-ВЫСОЦКОЕ, ШКОЛА'
467,СТ. МЕТРО "УЛ. ДЫБЕНКО" - 53 КМ АВТОМОБИЛЬНАЯ ДОРОГА "КОЛА"
356А,'Г.ПЕТРОДВОРЕЦ, УНИВЕРСИТЕТ - ЧЕБЫШЕВСКАЯ УЛ., Д.6'
186Ф,'Звездная ул. - г. Пушкин, Красносельское шоссе'
158,А.С. "НАЛИЧНАЯ УЛ." - ПАССАЖИРСКИЙ ПОРТ САНКТ-ПЕТЕРБУРГ "МОРСКОЙ ФАСАД"
183,УЛ. МАРШАЛА ТУХАЧЕВСКОГО - МИКРОРАЙОН "РУЧЬИ"
185,УЛ. СТАСОВОЙ - СТ. МЕТРО ЧКАЛОВСКАЯ
6 АЛ,'Г. ЛОМОНОСОВ, ВОКЗАЛ - ЗИМНЯЯ ПРИСТАНЬ'
469А,'САНКТ-ПЕТЕРБУРГ, СТ. МЕТРО "УЛИЦА ДЫБЕНКО" - ПОСЁЛОК "ПРИЛАДОЖСКИЙ"'
18а,Ул.Стойкости-Ст.м."Ленинский пр."
169,АС "ХАСАНСКАЯ УЛ." - СТ. МЕТРО "БОЛЬШЕВИКОВ"
475А,'Г.КОЛПИНО, ЗАВОДСКОЙ ПР. - ПОСЕЛОК "ПРИЛАДОЖСКИЙ"'
148,СТ. МЕТРО "ПАРНАС" - АС "УЛ. ЖЕНИ ЕГОРОВОЙ"
К-64,'Гипермаркет "О''Кей" - Ржевская площадь'
111,СТ. МЕТРО "КИРОВСКИЙ ЗАВОД" - УЛ. ДОБЛЕСТИ
139,СТ. МЕТРО"ПАРНАС" - СТ. МЕТРО "ГРАЖДАНСКИЙ ПРОСПЕКТ"
682,'Г. ЛОМОНОСОВ, ВОКЗАЛ - 4-Й КМ БЕТОННОЙ АВТОМОБИЛЬНОЙ ДОРОГИ'
32,БЕЛООСТРОВСКАЯ УЛ.-ТУРИСТСКАЯ УЛ.
62,УЛ.КОСТЮШКО - СТ. МЕТРО "МОСКОВСКИЕ ВОРОТА"
278,'Г. ПЕТРОДВОРЕЦ, ВОКЗАЛ - ДЕР. ОЛЬГИНО'
356-Б,'ЧЕБЫШЕВСКАЯ УЛ., Д. 6 - Г.ПЕТРОДВОРЕЦ, ВОКЗАЛ'
356Б,'ЧЕБЫШЕВСКАЯ УЛ., 6 - ПЕТРОДВОРЕЦ, ВОКЗАЛ'
134Б,АФОНСКАЯ УЛ. - ШКОЛЬНАЯ УЛ.
2А,Ж.-Д. СТ. "ЛИГОВО" - КОМСОМОЛЬСКАЯ ПЛ.
К-1,'станция метро "Нарвская" - наб. канала Грибоедова, 54-56'
К-5,'станция метро "Ладожская" - Караваевская улица,47'
К-176,ТК "МЕГА Парнас"-Кондратьевский пр.
К-67,'Балтийский вокзал - Канонерский о-в, д. 11'
К-179,ст. метро "Старая деревня"-пр. Королева
К-72,'На пересечении пр. Просвещения и ул. Хошимина - ул. Бутлерова, д. 36'
К-16,станция метро "Площадь Александра Невского" -Станция метро "Купчино" 
К-46,ж.-д. станция Ланская - ул. Смольного
К-185,ул. Маршала Тухачевского-Рыбацкий пр.
К-19,'Канонерский о-в, д.11 - наб. кан. Грибоедова, 54-56'
К-76,пр. Королева - БКЗ "Октябрьский"
16А,Карбюраторный завод-Московский вокзал
К-21,'ТК "Заневский каскад 1"-Белорусская ул., д. 16'
К-283,ст. метро "Проспект Просвещения" - Богословское кладбище
К-77,ТК "Заневский каскад 1" - улица Коммуны
К-24,станция метро "Московские ворота" - станция метро "Купчино"
К-284,'пр. Просвещения, д. 87 - ст. метро "Проспект Большевиков"'
К-188,'ст. метро "Озерки"-Токсовская ул., д. 129/1 по Гражданскому пр.'
К-286,'ст.метро "Купчино" - г. Павловск, ул. Обороны'
46А,БЕЛООСТРОВСКАЯ УЛ.  -  СТ. МЕТРО "ГОРЬКОВСКАЯ"
К-27,'Ул. Пилотов, д. 61 станция метро "Ломоносовская"'
К-82,станция метро "Купчино" - Софийская улица угол Димитрова
К-30,'Уральская ул., д. 29, ТЦ "Лента" Богословское кладбище- (Кондратьевский пр., угол пр. Мечникова)'
К-197,ст. метро "Проспект Ветеранов"-Микрорайон "Балтийская Жемчужина"
К-88,станция метро "Проспект Ветеранов" - улица Стойкости
К-36,Сенная площадь - площадь Конституции
К-88А,станция метро "Проспект Ветеранов" - улица Стойкости
К-293,'ст. метро "Купчино" - г. Колпино, Оборонная ул.'
К-37,'Гипермаркет "О''КЕЙ" - Финляндский вокзал'
К-48,станция метро "Нарвская" - Ленинский пр.
К-201,'ст.метро "Звездная"-совхоз им.Тельмана, разворотное кольцо на авт. дороге "Колпино-Ям-Ижора"'
К-293А,'ст. метро "Звездная" - г. Колпино, бульв. Трудящихся'
К-89,станция метро "Проспект Ветеранов" - улица Стойкости
К-39,'станция метро "Московская" Московский пр., д. 197 аэропорт Пулково-1'
К-342,'Станция метро "Московская" (Демонстрационный проезд) г. Пушкин, ул. Ломоносова'
К-202,'ст. мет ро "Звездная"-г. Пушкин,вокзал,шоссе Подбельского'
К-90,'Ржевская пл., д. 1 - Двинская ул., д. 17'
К-206,'ст. метро "черная речка"-ул. Савушкина, д.145'
К-294,'Пос. Новая Ижора, Волховская ул., 1 - г. Пушкин, вокзал, шоссе Подбельского'
К-208,пр. Луначарского-ст.метро "Удельная"
К-344,Рынок "Юнона" - Станция метро "Волковская"
К-40,станция метро "Удельная" - Земской переулок
К-91,станция метро "Пионерская" - Глухарская улица
К-212,пл. Репина-ул. Академика Лебедева
К-41,'станция метро "ул. Васи Алексеева, напротив д. 1 пр. Героев, угол ул. Маршала Захарова'
К-43,станция метро "Московская" (северный проезд ул. Типанова) ул. Доблести
К-92,ТК "Заневский каскад 1" - шоссе Революции
К-345,'Станция метро "Купчино" - Станция метро "Московские ворота", Московский пр., д. 103, лит. Б'
К-44,'Уральская ул., д. 33 2-3-я линии В.О., угол Среднего пр. В.О.'
К-300,'ст. метро " Автово" - Г. Ломоносов, Морская ул.'
358,'Г. ПЕТРОДВОРЕЦ, УНИВЕРСИТЕТ - ЗАЯЧИЙ РЕМИЗ'
374,'Г. КОЛПИНО, ЗАВОДСКОЙ ПР. - Г. ПУШКИН, ШОССЕ ПОДБЕЛЬСКОГО'
114,СЧАСТЛИВАЯ УЛ. - СТ.М. "ЕЛИЗАРОВСКАЯ"
187,'УЛ. КОСТЮШКО - Г. ПУШКИН, ВОКЗАЛ'
90,УЛ. КОСТЮШКО - ЮЖНОЕ КЛАДБИЩЕ
95,ПР. АЛЕКСАНДРОВСКОЙ ФЕРМЫ - РОЩИНСКАЯ УЛ.
190,'ЗВЕЗДНАЯ УЛ.-ПОС.ШУШАРЫ,ВИШЕРСКАЯ УЛ.'
71,ДВИНСКАЯ УЛ.- БАЛТИЙСКИЙ ВОКЗАЛ - САДОВАЯ УЛ.- ДВИНСКАЯ УЛ.(КОЛЬЦЕВОЙ) 
50,М.БАЛКАНСКАЯ УЛ. - ТЕАТРАЛЬНАЯ ПЛ.
72,ЗВЕЗДНАЯ УЛ. - СТ. МЕТРО "КИРОВСКИЙ ЗАВОД"
70,ДВИНСКАЯ УЛ. - САДОВАЯ УЛ. - БАЛТИЙСКИЙ ВОКЗАЛ - ДВИНСКАЯ УЛ.
145А,А.С."КИРОВСКИЙ ЗАВОД" - ОКТЯБРЬСКАЯ УЛ.
66,АС "КИРОВСКИЙ ЗАВОД" - КАНОНЕРСКИЙ ОСТРОВ
20,АВТОБУСНАЯ СТАНЦИЯ "КИРОВСКИЙ ЗАВОД" - СТАДИОН "ПИНГВИН"
210,'Г. ПЕТРОДВОРЕЦ, УНИВЕРСИТЕТ - САНКТ-ПЕТЕРБУРГ, А.С. "КИРОВСКИЙ ЗАВОД"'
13А,'УЛ. КОСТЮШКО - УЛ. ПИЛОТОВ, 61'
351,'ПЕТРОДВОРЕЦ, ВОКЗАЛ - УЛЬЯНОВСКАЯ УЛ.'
49,ДВИНСКАЯ УЛ. - ФИНЛЯНДСКИЙ ВОКЗАЛ
34,ЗВЕЗДНАЯ УЛ. - ПОС. ШУШАРЫ
229,'А.С. "КИРОВСКИЙ ЗАВОД" - СЕРГИЕВО, Ж/Д СТ.'
555,АВТОБУСНАЯ СТАНЦИЯ "УЛ. ЖЕНИ ЕГОРОВОЙ" - 45 КМ А.Д. СПб - ПАРГОЛОВО - ОГОНЬКИ
130,'ЛИГОВО, Ж.-Д. СТ. - СТ. МЕТРО "МОСКОВСКАЯ"'
129,'С.-ПЕТЕРБУРГ, Ж.-Д. СТ. СЕРГИЕВО - ПОС. НОВОСЕЛЬЕ'
326,'Г.КОЛПИНО, ВОКЗАЛ - СТ. М. "КУПЧИНО"'
13,УЛ. КОСТЮШКО - АВИАГОРОДОК
195,СТАНЦИЯ МЕТРО "ПР. ВЕТЕРАНОВ" - ЮЖНОЕ КЛАДБИЩЕ
200,'САНКТ-ПЕТЕРБУРГ, АС "КИРОВСКИЙ ЗАВОД" - Г. ЛОМОНОСОВ, ВОКЗАЛ'
355,'Г. ПЕТРОДВОРЕЦ, ВОКЗАЛ - БУЛЬВ. РАЗВЕДЧИКОВ - Г. ПЕТРОДВОРЕЦ, ВОКЗАЛ'
356,'Г. ПЕТРОДВОРЕЦ, ВОКЗАЛ - УЛ. ШАХМАТОВА'
196,'Г. КОЛПИНО, ЗАВОДСКОЙ ПР. - ЗВЕЗДНАЯ УЛ..'
157,М. БАЛКАНСКАЯ УЛ. - СТ. МЕТРО "ЛОМОНОСОВСКАЯ"
359,'Г. ПЕТРОДВОРЕЦ, УНИВЕРСИТЕТ - СЕРГИЕВО, Ж/Д СТ.'
56,МАЛАЯ БАЛКАНСКАЯ УЛ. - СТ. МЕТРО "ЛОМОНОСОВСКАЯ"
11,ТРОИЦКОЕ ПОЛЕ - Ж.-Д. СТАНЦИЯ ПРЕДПОРТОВАЯ
488,'С.-ПЕТЕРБУРГ, Ж.-Д. СТ.СЕРГИЕВО - САДОВОДСТВО "КИРОВЕЦ"'
116,ЗВЕЗДНАЯ УЛ. - Б. СМОЛЕНСКИЙ ПР.
39,СТ. МЕТРО "МОСКОВСКАЯ"- АЭРОПОРТ "ПУЛКОВО 1"
39Э,ВЛАДИМИРСКАЯ ПЛОЩАДЬ - АЭРОПОРТ "ПУЛКОВО 1"
115,'АВТОБУСНАЯ СТАНЦИЯ "ПР. АЛЕКСАНДРОВСКОЙ ФЕРМЫ" - ПОС.МЕТАЛЛОСТРОЙ, ФГУП "НИИЭФА"'
165,Ж.-Д. СТ. "ЛИГОВО"  - ОКТЯБРЬСКАЯ УЛ.
186,'ЗВЕЗДНАЯ УЛ. - Г. ПУШКИН, КРАСНОСЕЛЬСКОЕ ШОССЕ'
142,СЧАСТЛИВАЯ УЛ. - УЛ. ДОБЛЕСТИ
162,СЧАСТЛИВАЯ УЛ. - ОСОБАЯ ЭКОНОМИЧЕСКАЯ ЗОНА "НОЙДОРФ"
3,УЛ. КОСТЮШКО - ТЕАТРАЛЬНАЯ ПЛ.
145,А.С. "КИРОВСКИЙ ЗАВОД" - ОКТЯБРЬСКАЯ УЛ.
484,'С.-ПЕТЕРБУРГ, А.С. "КИРОВСКИЙ ЗАВОД" - АНДРЕЕВКА'
484Б,'С.-ПЕТЕРБУРГ, А.С. "КИРОВСКИЙ ЗАВОД" - ДЕР. КЕЛОЗИ'
487,'САНКТ-ПЕТЕРБУРГ, А.С.  КИРОВСКИЙ ЗАВОД - ДЕР. ЗИМИТИЦЫ'
487А,КИПЕНЬ - ЗИМИТИЦЫ
2,Ж.-Д. СТАНЦИЯ ЛИГОВО - ТЕАТРАЛЬНАЯ ПЛ.
115А,'АВТОБУСНАЯ СТАНЦИЯ "ПР. АЛЕКСАНДРОВСКОЙ ФЕРМЫ" - ПОС.МЕТАЛЛОСТРОЙ, ЦЕНТРАЛЬНАЯ УЛ., Д. 9'
142А,СЧАСТЛИВАЯ УЛ. - УЛ. МАРШАЛА ЗАХАРОВА
482А,С.-ПЕТЕРБУРГ. А.С. "КИРОВСКИЙ ЗАВОД" - ДЕР. ЧЕРЕМЫКИНО
482,'С.-ПЕТЕРБУРГ, А.С. "КИРОВСКИЙ ЗАВОД" - ДЕР. ШЕЛКОВО'
31,УЛ. КОСТЮШКО - СТ. МЕТРО "ЕЛИЗАРОВСКАЯ"
482В,'С.-ПЕТЕРБУРГ, А.С. "КИРОВСКИЙ ЗАВОД" - ДЕР. КАСЬКОВО'
475,'Г.КОЛПИНО, ЗАВОДСКОЙ ПР. - САДОВОДСТВО "ВОСХОД - 1"'
436,А/С "ЖЕНИ ЕГОРОВОЙ" - ДЕР. КЕРРО
331,'Г. КОЛПИНО, ЛЕНИНГРАДСКАЯ УЛ. - ПОС. ПОНТОННЫЙ, ПЕРВОМАЙСКАЯ УЛ.'
481,А.С. "КИРОВСКИЙ ЗАВОД" - ДЕР. РОПША
73,СЧАСТЛИВАЯ УЛ. - ПЛ. СТАЧЕК
156,УЛ. КОСТЮШКО - СТ. ПРЕДПОРТОВАЯ
1КР,'Г.КРОНШТАДТ, ЛЕНИНГРАДСКАЯ ПРИСТАНЬ-МАКАРОВСКИЕ ВОРОТА'
53,ТРОИЦКОЕ ПОЛЕ - СТ. МЕТРО "КУПЧИНО" 
366,'Г. КОЛПИНО, ВОКЗАЛ - Г. КОЛПИНО, ВОКЗАЛ '
369,'Г. КОЛПИНО, ВОКЗАЛ - Г. КОЛПИНО, ВОКЗАЛ (КОЛЬЦЕВОЙ)'
370,'Г. ПУШКИН, АВТОБУСНАЯ СТАНЦИЯ"ЖЕЛЕЗНОДОРОЖНАЯ УЛ." - Г.ПАВЛОВСК, ЗВЕРИНИЦКАЯ УЛ.'
327,'Г.КОЛПИНО, ЗАВОДСКОЙ ПР. - СПБ, СТ.МЕТРО "ПРОЛЕТАРСКАЯ"'
17,АВТОБУСНАЯ СТАНЦИЯ "КИРОВСКИЙ ЗАВОД" - УГОЛЬНАЯ ГАВАНЬ
438З,'Г.КОЛПИНО, ЛЕНИНГРАДСКАЯ УЛ. - ЗАВОД "СОКОЛ"'
433,АВТОБУСНАЯ СТАНЦИЯ "УЛ. ЖЕНИ ЕГОРОВОЙ" - ПОС. АГАЛАТОВО
683А,'Г. ЛОМОНОСОВ, ВОКЗАЛ - ДЕР. КРАСНЫЙ БОР'
684,'Г. ЛОМОНОСОВ, ВОКЗАЛ - 5-Й КМ БЕТОННОЙ ДОРОГИ'
685,'Г.ЛОМОНОСОВ, ВОКЗАЛ - ПОС. КАПОРЬЕ'
685А,'Г. ЛОМОНОСОВ, ВОКЗАЛ - ДЕР. ГЛОБИЦЫ'
686,'Г. ЛОМОНОСОВ, ВОКЗАЛ - ДЕР. ГОРКИ'
686А,'Г. ЛОМОНОСОВ, ВОКЗАЛ - ДЕР. МУХОВИЦЫ'
686Б,ДЕР.МУХОВИЦЫ -ДЕР. ГОРКИ
687,'Г. ЛОМОНОСОВ, ВОКЗАЛ - ДЕР. ВИЛЬПОВИЦЫ'
694,'г.Ломоносов,вокзал- дер.Лопухинка'
57,МАЛАЯ БАЛКАНСКАЯ УЛ. - СТ. МЕТРО " ВОЛКОВСКАЯ"
159,АВТОБУСНАЯ СТАНЦИЯ "М.БАЛКАНСКАЯ УЛ." - РОЩИНСКАЯ УЛ.
3АЛ,'ОРАНИЕНБАУМСКИЙ ПР. - Г.ЛОМОНОСОВ, ВОКЗАЛ'
6Л,'Г.ЛОМОНОСОВ, ВОКЗАЛ - ШВЕЙЦАРСКАЯ УЛ.'
7Л,'Г. ЛОМОНОСОВ, ВОКЗАЛ - Г. ЛОМОНОСОВ, ВОКЗАЛ'
14,А.С. "КРЕСТОВСКИЙ ОСТРОВ"-СТ. МЕТРО "ВЫБОРГСКАЯ"
35А,ДВИНСКАЯ УЛ. - СТАНЦИЯ МЕТРО"НАРВСКАЯ"
35,КАНОНЕРСКИЙ ОСТРОВ - СТАНЦИЯ МЕТРО"НАРВСКАЯ"
63,УЛ.КОСТЮШКО - СТ.МЕТРО "КУПЧИНО"
191,Р. ОККЕРВИЛЬ - СТ. МЕТРО "ПЕТРОГРАДСКАЯ"
325,'Г.КОЛПИНО, ВОКЗАЛ - Г. ПАВЛОВСК, Ж/Д ВОКЗАЛ '
332,'Г. КОЛПИНО, ЗАВОДСКОЙ ПР. - ПОС. САПЕРНЫЙ, МЕБЕЛЬНЫЙ КОМБИНАТ '
361,ЗАВОДСКОЙ ПР. - ЗАВОДСКОЙ ПР. (КОЛЬЦЕВОЙ)
362,ЗАВОДСКОЙ ПР. - ЗАВОДСКОЙ ПР. (КОЛЬЦЕВОЙ)
371,'г.ПУШКИН, АВТОБУСНАЯ СТАНЦИЯ "ЖЕЛЕЗНОДОРОЖНАЯ УЛ." - ЕКАТЕРИНИНСКИЙ ДВОРЕЦ'
373,'Г. ПУШКИН,АВТОБУСНАЯ СТАНЦИЯ "ЖЕЛЕЗНОДОРОЖНАЯ УЛ." - ГУММОЛОСАРЫ'
378,'Г. ПУШКИН, АВТОБУСНАЯ СТАНЦИЯ "ЖЕЛЕЗНОДОРОЖНАЯ УЛ." - Ж.-Д. СТ. АЛЕКСАНДРОВСКАЯ '
379,'Г.ПАВЛОВСК, ВОКЗАЛ - УЛ. ОБОРОНЫ'
380,'Г. ПУШКИН, АВТОБУСНАЯ СТАНЦИЯ "ЖЕЛЕЗНОДОРОЖНАЯ УЛ." - СТАРОГАТЧИНСКОЕ ШОССЕ, Д.2'
383,'Г.ПУШКИН, АВТОБУСНАЯ СТАНЦИЯ "ЖЕЛЕЗНОДОРОЖНАЯ УЛ." - Г.ПАВЛОВСК, ЗВЕРИНИЦКАЯ УЛ.'
348,'Г. ЛОМОНОСОВ, ВОКЗАЛ - ПТИЦЕФАБРИКА "КРАСНЫЕ ЗОРИ"'
384,'Г.ПУШКИН,АВТОБУСНАЯ СТАНЦИЯ "ЖЕЛЕЗНОДОРОЖНАЯ УЛ." - МОСКОВСКОЕ ШОССЕ'
386,'Г.КОЛПИНО,ВОКЗАЛ - Г. КОЛПИНО, ОБОРОННАЯ УЛ.'
167,А/С "ЖЕНИ ЕГОРОВОЙ" - САДОВОДСТВО "КЛИМОВЕЦ"
387,'Г.КОЛПИНО, ВОКЗАЛ - ЗАГОРОДНАЯ УЛ.'
389,'Г.КОЛПИНО, ЗАВОДСКОЙ ПР. - ЗАГОРОДНАЯ УЛ.'
390,'Г.КОЛПИНО, ЗАВОДСКОЙ ПР. - Г. КОЛПИНО, ВОКЗАЛ'
54,МАЛАЯ БАЛКАНСКАЯ УЛ. - ПЛ. ПРОЛЕТАРСКОЙ ДИКТАТУРЫ
59,ЗВЕЗДНАЯ УЛ. - СТ.М."БУХАРЕСТСКАЯ"
64,Звездная ул. - ж.-д. платформа Воздухоплавательный парк
64А,Звездная ул. - Рощинская ул.
76,Ж.-Д.СТ.МОСКОВСКАЯ СОРТИРОВОЧНАЯ - МОСКОВСКИЙ ВОКЗАЛ
120,СТ. МЕТРО "СТАРАЯ ДЕРЕВНЯ" - ГОРСКОЕ КЛАДБИЩЕ
84,Ж.-Д. СТАНЦИЯ ПЕСОЧНАЯ - ПОС. НОВОСЕЛКИ
352,'Г. ПЕТРОДВОРЕЦ, ВОКЗАЛ - УНИВЕРСИТЕТ, УЛЬЯНОВСКАЯ УЛ.'
91,Ж.- Д.СТ. СОРТИРОВОЧНАЯ - МОСКОВСКИЙ ВОКЗАЛ 
493,Г.ПАВЛОВСК - ПОС.АННОЛОВО
94,АВТОБУСНАЯ СТАНЦИЯ "РУЧЬИ" - СТ. МЕТРО "ЧЁРНАЯ РЕЧКА"
347,'Г. ЛОМОНОСОВ, ВОКЗАЛ - КЛАДБИЩЕ "ИЛИКИ"'
540,'Г.КОЛПИНО, ЗАВОДСКОЙ ПР. - ПОС. НИКОЛЬСКОЕ, ЗАВОД "СОКОЛ"'
544,'Г.КОЛПИНО, ВОКЗАЛ-СОВХОЗ "ИМ.ТЕЛЬМАНА" - ПОС.ВОЙСКОРОВО'
144,Ж.-Д. СТ. КРАСНОЕ СЕЛО - ОКТЯБРЬСКАЯ УЛ.
477,Ж.-Д. СТ. КРАСНОЕ СЕЛО - ДЕР. ВИЛЛОЗИ
547,Ж.-Д. СТ. КРАСНОЕ СЕЛО - ДЕР. ТЕРВОЛОВО
146,СТ. КРАСНОЕ СЕЛО - ОКТЯБРЬСКИЙ ГОРОДОК
147,Ж.-Д. СТ. КРАСНОЕ СЕЛО - ЗАРЕЧНАЯ УЛ.
454,Ж.-Д. СТ. КРАСНОЕ СЕЛО - ДЕР. ДЯТЛИЦЫ
454А,Ж.-Д. СТ. КРАСНОЕ СЕЛО - ДЕР. ГЛЯДИНО
149,'Ж.-Д.СТАНЦИЯ КРАСНОЕ СЕЛО-ГЕОЛОГИЧЕСКАЯ УЛ., 75'
149А,Ж.-Д. СТ. КРАСНОЕ СЕЛО - УЛ. СПИРИНА
442,Ж.-Д. СТ. КРАСНОЕ СЕЛО - ДЕР. АННИНО
458,Ж.-Д. СТ. КРАСНОЕ СЕЛО - ДЕР. РАЗБЕГАЕВО
442А,'САНКТ-ПЕТЕРБУРГ, Ж.-Д. СТ. ГОРЕЛОВО - ДЕР. АННИНО'
104,АВТОБУСНАЯ СТАНЦИЯ  "УЛ. ЖЕНИ ЕГОРОВОЙ" - СТ. МЕТРО "ПАРНАС"
98,АВТОБУСНАЯ СТАНЦИЯ " ПР. КУЛЬТУРЫ"- СТ. МЕТРО "ЧЕРНАЯ РЕЧКА" 
335,'Г. КОЛПИНО, ЛЕНИНГРАДСКАЯ УЛ. - ДОРОГА НА ПОС. МЕТАЛЛОСТРОЙ, Д.3а'
176, АВТОСТАНЦИЯ "РУЧЬИ" - СУЗДАЛЬСКИЙ ПР.
567,А/С "ЖЕНИ ЕГОРОВОЙ" - ПОС. АГАЛАТОВО - ПОС. ЕЛИЗАВЕТИНКА
60,ПРИДОРОЖНАЯ АЛЛЕЯ - СТ. МЕТРО "ЛЕСНАЯ"
108,АВТОБУСНАЯ СТАНЦИЯ "КИРОВСКИЙ ЗАВОД" - ВОЛХОНСКОЕ ШОССЕ
41,УЛ.КОРАБЛЕСТРОИТЕЛЕЙ-СТ.МЕТРО"ВАСИЛЕОСТРОВСКАЯ"- УЛ.КОРАБЛЕСТРОИТЕЛЕЙ 
42,УЛ.КОРАБЛЕСТРОИТЕЛЕЙ - СТ.МЕТРО "ВАСИЛЕОСТРОВСКАЯ" - УЛ.КОРАБЛЕСТРОИТЕЛЕЙ
47,УЛ. КОРАБЛЕСТРОИТЕЛЕЙ - УНИВЕРСИТЕТСКАЯ НАБ.
161,УЛ. ПОДВОЙСКОГО - УЛ. ДЖОНА РИДА
44,РЕПИЩЕВА УЛ. - СТ. МЕТРО "УДЕЛЬНАЯ"
151,НАЛИЧНАЯ УЛ. - БОЛЬШОЙ ПР. В.О.- ПР. КИМа - НАЛИЧНАЯ УЛ.(КОЛЬЦЕВОЙ)
152,'НАЛИЧНАЯ УЛ. - ПР. КИМа - БОЛЬШОЙ ПР. В.О. - НАЛИЧНАЯ УЛ.,(КОЛЬЦЕВОЙ)'
179,'Г. ПАВЛОВСК, ВОКЗАЛ - ЗВЕЗДНАЯ УЛ.'
181,УЛ.МАРШАЛА ТУХАЧЕВСКОГО - ПЛ. РЕПИНА
97,ТРОИЦКОЕ ПОЛЕ - УЛ. КОЛЛОНТАЙ
336,'Г. КОЛПИНО, ЗАВОДСКОЙ ПР. - ПОС. ПОНТОННЫЙ, ШЛИССЕЛЬБУРГСКОЕ ШОССЕ'
337,'Г. КОЛПИНО, ЗАВОДСКОЙ ПР. - ДОРОГА НА ПОС. МЕТАЛЛОСТРОЙ, Д.3а'
338,'Г. ПАВЛОВСК, ВОКЗАЛ - ПОС. ДИНАМО '
364,'Г. КОЛПИНО, ЗАВОДСКОЙ ПР. - КОМБИНАТ СТРОИТЕЛЬНЫХ МАТЕРИАЛОВ'
458А,Ж.-Д. СТ. ГОРЕЛОВО - ДЕР. ИННОЛОВО
458Б,Ж.-Д. СТ. КРАСНОЕ СЕЛО - ДЕР. ИННОЛОВО
443,Ж.-Д. СТ. КРАСНОЕ СЕЛО - ДЕР. РОПША
129А,'Ж.-Д. СТ. СЕРГИЕВО - УЛ. КАЛИНИНА, 51'
461,Ж.-Д. СТ. СЕРГИЕВО - ДЕР. АННИНО
462,Ж.-Д. СТ. СЕРГИЕВО - СТРЕЛЬНИНСКИЙ ЛЕСОПИТОМНИК
357,'Г. ПЕТРОДВОРЕЦ, УНИВЕРСИТЕТ - Ж.-Д. СТАНЦИЯ СТАРЫЙ ПЕТЕРГОФ'
357А,Г. ПЕТРОДВОРЕЦ. ВОКЗАЛ - ПТИЦЕФАБРИКА "КРАСНЫЕ ЗОРИ"
344,'Г. ПЕТРОДВОРЕЦ, ВОКЗАЛ - ОАО "ПЕТЕРГОФАВТОТРАНС" (СЕЗОННЫЙ)'
350,'Г. ПЕТРОДВОРЕЦ, ВОКЗАЛ - Г. ПЕТРОДВОРЕЦ, ВОКЗАЛ'
353,'Г. ПЕТРОДВОРЕЦ, ВОКЗАЛ - Ж.-Д. СТ. СТАРЫЙ ПЕТЕРГОФ'
354,'Г. ПЕТРОДВОРЕЦ, ВОКЗАЛ - УНИВЕРСИТЕТ, УЛЬЯНОВСКАЯ УЛ.'
463,'Г. ПЕТРОДВОРЕЦ, ВОКЗАЛ - 5-Й КМ БЕТОННОЙ ДОРОГИ'
463А,'Г. ПЕТРОДВОРЕЦ, ВОКЗАЛ - ДЕР. ЛОПУХИНКА'
121,АС "ЖЕНИ ЕГОРОВОЙ" - УЛ. РУСТАВЕЛИ
122,РЕПИЩЕВА УЛ. - СТ. МЕТРО "ЧЕРНАЯ РЕЧКА"
489,'Г.ПЕТРОДВОРЕЦ, ВОКЗАЛ - ГОСТИЛИЦЫ - ВИЛЬПОВИЦЫ - Г. ПЕТРОДВОРЕЦ'
360,'Г. ПЕТРОДВОРЕЦ, ВОКЗАЛ - УНИВЕРСИТЕТСКИЙ ПР.'
38,РЕПИЩЕВА УЛ. - ФИЗИКО-ТЕХНИЧЕСКИЙ ИНСТИТУТ ИМ. А.Ф.ИОФФЕ
215,'Г. КРОНШТАДТ, ПР. ЛЕНИНА - Г. СЕСТРОРЕЦК, УЛ. ВОЛОДАРСКОГО'
150,УЛ.КОСТЮШКО - ГОСПЛЕМЗАВОД "ЛЕСНОЕ"
306,'Г. СЕСТРОРЕЦК , КУРОРТНАЯ УЛ. - ПАНСИОНАТ "ДЮНЫ"'
310,Г.СЕСТРОРЕЦК - САНАТОРИЙ "БЕЛЫЕ НОЧИ"
311,'Г. СЕСТРОРЕЦК, КУРОРТНАЯ УЛ. - Г. СЕСТРОРЕЦК,УЛ. ВОЛОДАРСКОГО (ТОЛЬКО В ОДНУ СТОРОНУ)'
315,'Г. СЕСТРОРЕЦК, КУРОРТНАЯ УЛ. - Ж.-Д. СТАНЦИЯ ПЕСОЧНАЯ'
307,'Г.СЕСТРОРЕЦК, КУРОРТНАЯ УЛ. - Ж.-Д.СТ. ГОРСКАЯ'
314,'Г. СЕСТРОРЕЦК, КУРОРТНАЯ УЛ. - ПОС. БЕЛООСТРОВ, СЕСТРОРЕЦКОЕ ШОССЕ'
552,'Г.ЗЕЛЕНОГОРСК, ВОКЗАЛ - ПОС.ИЛЬИЧЕВО, ДОМ-МУЗЕЙ В.И.ЛЕНИНА'
552А,'Г.ЗЕЛЕНОГОРСК, ВОКЗАЛ - ПОС.ИЛЬИЧЕВО, ДОМ-МУЗЕЙ В.И.ЛЕНИНА'
322,'Г. ЗЕЛЕНОГОРСК, ВОКЗАЛЬНАЯ ПЛ. - ПОС. РЕШЕТНИКОВО'
420А,'Г.ЗЕЛЕНОГОРСК, ВОКЗАЛ - ПОС.ОЗЕРКИ'
67Б,ДВИНСКАЯ УЛ. - БАЛТИЙСКИЙ ВОКЗАЛ
380Э,'Г.ПУШКИН, ВОКЗАЛ - СТАРОГАТЧИНСКОЕ ШОССЕ, Д. 2'
376,'Г.ПУШКИН, АВТОБУСНАЯ СТАНЦИЯ "ЖЕЛЕЗНОДОРОЖНАЯ УЛ." - КРАСНОСЕЛЬСКОЕ ШОССЕ'
356А-Шк,неверный вариант
415Ш2,'Г.ЗЕЛЕНОГОРСК, ВОКЗАЛ - ЖИЛГОРОДОК - ШКОЛА № 455 - Д\С "ПИОНЕР" - Г.ЗЕЛЕНОГОРСК'
72Ф,Звездная ул. - ст.метро "Кировский завод"
160,А.С. "КИРОВСКИЙ ЗАВОД" - БАЛТИЙСКАЯ ЖЕМЧУЖИНА
170,ЛАХТИНСКИЙ РАЗЛИВ - РЕПИЩЕВА УЛ.
К-93,Школьная улица - Суздальский пр.
К-49,'станция метро "Проспект Ветеранов" (бульв. Новаторов, д. 73)-Народная ул. у пр. Большевиков'
К-217,'ст. метро "Купчино"-бульв. Новаторов, д.13'
К-352,'г. Петродворец, вокзал - г. Ломоносов, вокзал'
К-102,Станция метро "Пр. Большевиков" - Светлановский пр.
К-322,'станция метро "Ладожская" (Уткин пр., угол пр. Энергетиков) - станция метро "Удельная"'
К-220Б,'ст. метро "Ломоносовская"-г. Колпино, Оборонная ул.'
К-115,'Московский пр., д. 1 - Канонерский остров, д. 11'
К-329,'станция метро "Проспект Ветеранов", бульв. Новаторов, д. 75 - дер. Ольгино'
К-227,ж.-д.станция Сортировочная-ул.Пионерстроя
К-121,'авт. ст. "Ул. Жени Егоровой" - нечетная сторона пр. Луначарского, напротив д. 108'
К-400,'Финляндский вокзал - г. Зеленогорск, вокзал'
К-232,'ст. метро "Старая Деренвя"-Приморский пр., д.169'
К-124,'Новосмоленская наб., напротив д. 1 - Подъездной пер., д. 18'
К-517,'г. Пушкин, вокзал - г. Пушкин, вокзал'
К-131,наб. Мартынова - ж.-д. станция Ручьи
К-484,Станция метро "Кировский завод" - Дер. Андреевка
К-247,ст. метро "Приморская"-Наличная ул.
К-149,'ст. метро "Спортивная", Дворец спорта "Юбилейный" - Крематорий'
К-158,станция метро "Комендантская площадь" - Глухарская ул.
К-163,'Кирочная ул., д. 23 - станция метро "Проспект Большевиков"'
К-153,ТЦ "МЕГА Дыбенко" - пр. Косыгина
К-519,'г. Пушкин, вокзал - Казанское кладбище'
К-154,Прибалтийская пл. - Автовская ул.
К-166,станция метро "Старая Деревня" - станция метро "Старая Деревня"
К-169,'Старо-Петергофский пр., д. 50 - Садовая ул., д. 37'
К-271,ст. метро "Ладожская" - Выборгский рынок
К-260,Ж.-д. станция Предпортовая - Станция метро "Ломоносовская"
К-273,ул.Одоевского - ст. метро "Горьковская"
К-172,Станция метро "Пионерская" - Туристская ул. (четная сторона) у Мебельной ул.
1946,река Оккервиь - пл. Александра Невского
1М,А.С. "ПР. КУЛЬТУРЫ" - А.С."ПР. МАРШАЛА ЖУКОВА"
К-346,'Морская наб., д. 9, у пл. Европы - Светлановский пр. у Суздальского пр.'
К-94,Мебельная ул. - ул. Карпинского
К-50,станция метро "Черная речка" - ул. Руставели
К-51,боковой проезд Пискаревского пр. -боковой проезд Пискаревского пр.
К-99,'ул. Жени Егоровой - пос. Бугры, Шоссейная ул., 28'
К-367,на пересечении Парашютной ул. и Долгоозерной ул. боковой проезд Пискаревского пр. у д. 40
К-366,'г. Колпино, вокзал - совхоз им. Тельмана'
К-372,станция метро "Старая Деревня" - Коломяжский пр.
К-375,'г. Пушкин, вокзал - ж.-д. станция Александровская'
К-417,'Станция метро "Черная речка" - г. Сестрорецк, Курортная ул.'
К-383,'М. Карпатская ул., угол ул. Олеко Дундича - станция метро "Купчино", Балканская пл.'
К-224,ст. метро "Ленинский проспект"-ж.д. станция Старый Петергоф
К-235,ст.метро "Проспект Ветеранов"-пр.Героев
К-403,'г. Красное Село, Красногородская ул., угол Нагорной ул. Станция метро "Московская" '
К-404,'Балтийский вокзал - г. Ломоносов, ул. Победы'
К-133,'станция метро "Черная речка" - Школьная ул., д. 128 '
К-156,ж.-д. станция Ржевка - Синопская наб.
К-143,'Боткинская ул. - пос. Бугры, разворотное кольцо на Шоссейной ул.'
К-485,Ул. Подвойского - Садоводство "Северная Самарка"
К-162,'Капитанская ул., угол Морской наб. - Морская наб., д. 9, у пл. Европы'
К-521,'г. Пушкин, вокзал - Совхоз Фёдоровское'
К-253,Станция метро "Елизаровская" - Станция метро "Купчино"
К-259,Станция метро "Озерки" - Ж.-д. станция Дибуны
К-275,'ст. метро "Рыбацкое" - пос. Металлострой, Центральная ул.'
К-173,больница Святого Георгия - ул. Руднева
К-95,На пересечении Гражданского пр. и Суздальского пр. - Станция метро "Ладожская"
К-55,станция метро "Пионерская" - Земский пер.
К-306,Казанский собор - ж.-д. станция Сосновая поляна
К-369,станция метро "Ладожская" - станция метро "Петроградская"
К-408,'Станция метро "Проспект Просвещения" - Сестрорецк, парк "Дубки"'
К-114,Б. Смоленский пр. у ул. Пинегина - Счастливая ул.
К-118,станция метро "Ладожская" - станция метро "Удельная"
К-385,Уткина Заводь - Станция метро "Дыбенко"
К-387,'станция метро "Старая деревня" - ул. Савушкина, д. 145'
К-120,'Уральская ул., д. 33 - станция метро "Петроградская", пл. Шевченко'
К-123,ул. Прокофьева - станция метро "Ладожская"
К-233,'ст. метро "Старая Деревня"-Школьная ул., д 128'
К-240А,Манчестерская ул.-Манчестерская ул.
К-424А,'Станция метро "Автово" - г. Ломоносов, вокзал'
К-405,'станция метро "Черная речка" - г. Кронштадт, Гражданская ул.'
К-155А,станция метро "Проспект Большевиков" - станция метро "Проспект Большевиков" (кольцевой маршрут)
К-155Б,станция метро "Проспект Большевиков" - станция метро "Проспект Большевиков" (кольцевой маршрут)
К-134,боковой проезд Мебельной ул. у Яхтенной ул. - ул. Илюшина
К-157,'пр. Культуры - Выборгское шоссе, д. 11'
К-252,Балтийский вокзал-Светлановский пр. уг. Суздальского пр.
К-142,ст. метро "Ленинский проспект" - ул. Доблести 
К-161,ул. Лопатина - ул. Бадаева
К-511,'г. Пушкин, вокзал - Пос. Лесное'
К-515,Станция метро "Ломоносовская" - Садоводство "Сады"
К-139,'Станция метро "Купчино" - Инженернная ул., д. 7'
К-595,станция метро "Улица Дыбенко" - садоводство "Пупышево"
К-170,'Транспортный пер. - Тепловозная ул., д. 32, лит. М (разворотная площадка у завода ЖБИ)'
К-296,'ст. метро "Звездная" - г. Колпино, ул. Ижорского Батальона'
К-45,станция метро "Купчино" - пересечение ул. Маршала Казакова и ул. Десантников
К-349,ДК им. Кирова - 8-9 линия В.О.
К-210,'ст.метро "Черная речка"-Ольгино, сады'
К-347,'Станция метро "Московская" - Красносельское шоссе, д.67'
К-213,Сенная пл.-Авиагородок
К-52,ул. Бурцева - станция метро "Проспект Ветеранов"
К-54,станция метро "Старая деревня" - Глухарская ул.
К-218,'ж.-д.станция Ржевка-Дальневосточный пр., д. 65'
К-56,Станция метро "Купчино" - ТЦ "МЕГА ДЫБЕНКО"
К-409,Станция метро "Ломоносовская" - Ржевская пл.
К-223,'Выборгское шоссе, д.31-ст. метро "Горьковская"'
К-377,'г.Пушкин, Средняя ул. - г. Пушкин, Санкт-Петербургское шоссе'
К-117,станция метро "Елизаровская" - ул. Бехтерева
К-433,ст. метро "Проспект Просвещения" - пос. Агалатово
К-229,ст. метро "Пионерская"-ст. метро "Старая Деревня"
К-469,ст. метро "Улица Дыбенко" - садоводство "Восход-1"
К-251,ст. метро "Проспект Большевиков"-ул Лопатина
К-151,ст. метро "Купчино" - ул. Васи Алексеева
К-137,Финляндский вокзал - Станция метро "Дыбенко"
55555,ИСААКИЕВСКИЙ ПР.- ШПАЛЕРНАЯ УЛ.
180,КАМЫШОВАЯ УЛ. - ОАО "КЛИМОВ"
1000,пробный
К-91А,станция метро "Удельная" - Глухарская ул.
К-96,станция метро "Купчино" - станция метро "Обухово"
К-97,Караваевская ул. - ул. Коллонтай
К-216,ст. метро "Купчино"-ст. м. "Проспект Ветеранов"
К-354,'г. Пушкин, Новодеревенская ул. - Станция метро "Купчино"'
К-365,Станция метро "Елизаровская" - Ул. Коллонтай
К-108,'ул. Николая Рубцова, д. 12, к. 1 - на пересечении Гражданского пр. и Суздальского пр.'
К-112,станция метро "Проспект Просвещения" - на пересечении Гражданского пр. и Суздальского пр.
К-338,'Звенигородская ул. бульв. Новаторов, д. 6'
К-379,'Камышовая ул.  - станция метро "Старая Деревня" (Мебельная ул., д. 1)'
К-119,станция метро "Ломоносовская" - Уткина Заводь
К-240Б,Манчестерская ул.-Манчестерская ул.
К-243,ст. метро "Удельная"-Вербная ул.
К-244,ст. метро "Удельная"-Афанасьевская ул.
К-135,Станция метр "Московские ворота" - ул. Коллонтай уг. ул. Лопатина
К-152,'Боткинская ул., д. 1 - Выборгское шоссе, д. 31'
К-165,станция метро "Проспект Ветеранов" - ж.-д. станция Сосновая Поляна
К-168,'станция метро "Пионерская" - Глухарская ул., д. 4'
К-269,ст. метро "Чернышевская" - ТЦ "МЕГА Дыбенко"
К-272,ст. метро "Рыбацкое" - пос. Металлострой
К-258,Витебский вокзал - Пр. Мечникова
К-690,'Уральская ул., д. 29, ТЦ "Лента" -  Школьная ул. (разворотная площадка напротив д. 124'
К-171Б,'пл. Конституции у дома 48, лит. А - пл. Конституции у дома 48, лит. А (кольцевой)'
300,АС "КИРОВСКИЙ ЗАВОД" - ПР. ГЕРОЕВ
3М,А.С. "НАЛИЧНАЯ УЛ." - СТ. МЕТРО "РЫБАЦКОЕ"
К-296А,'ст. метро "Звездная" - г. Колпино, ул. Веры Слуцкой'
К-101,ж.-д. станция Ручьи - ул. Шаврова
К-106,Финляндский вокзал - пр. Энергетиков
К-309,на пересечении Уральской ул. и пр. КИМа - на пересечении Уральской ул. и пр. КИМа
К-111,станция метро "Кировский завод" - ул. Доблести
К-371,станция метро "Старая деревня" - станция метро "Удельная"
К-373,'станция метро "Лесная" (Лесной пр., 63) - Новоколомяжский пр., д. 16'
К-376,'г. Пушкин, автобусная станция "Железнодорожная ул." - г. Пушкин, Красносельское шоссе, д.65'
К-388,станция метро "Купчино" - Ириновский пр.
К-420,'Станция метро "Ленинский проспект" - г. Петродворец, Чебышевская ул.'
К-391А,'г. Колпино, вокзал . Колпино, вокзал (кольцевой маршрут)'
К-391Б,'г. Колпино, вокзал - г. Колпино, вокзал (кольцевой маршрут)'
К-436,ст. метро "Проспект Просвещения" - ж. -д. станция Грузино
К-445А,'ст. метро "Автово" - г. Красное Село, ул. Лермонтова'
К-445Б,Колобановская ул. - ст. метро "Ленинский пр."
К-401,Станция метро "Волковская" - Станция метро "Новочеркасская"
К-242,ст.метро "Ленинский проспект"-ул. Доблести
К-127,станция метро "Спортивная" - пр. Королева
К-425,'Станция метро "Чёрная речка" - г. Сестрорецк, ул. Володарского, д.40'
К-449,'ст. метро "Московская" - г. Красное Село, Геологическая ул., д. 75'
К-130,станция метро "Московская" - ж.-д. станция Сосновая Поляна
К-476,Станция метро "Ломоносовская" - Пос. им. Свердлова
К-468,ст. метро "Улица Дыбенко" - садоводство "Восход-1"
К-132,'станция метро "Черная речка" - Приморский пр., д. 169'
К-246,ж.-д.-станция Сосновая Поляна-ст. метро "Купчино"
К-249А,наб. р. Смоленки (Смоленское кладбище)-4-5-я линии В.О.
К-136,а/с Звездная ул. - разворотная площадка у станции метро "Волковская"
К-167,'Кирочная ул., д. 23 - ул. Осипенко'
К-254,ТЦ "МЕГА Дыбенко" - Станция метро "Площадь Ленина"
К-539,Станция метро "Проспект Просвещения" - Станция метро "Проспект Просвещения"
К-262,Финляндский вокзал - Пр. Просвещения
К-171А,'пл. Конституции, д. 7 - пл. Конституции, д. 7 (кольцевой)'
К-407,'ст. метро "Проспект Просвещения" - г. Кронштадт, Гражданская ул.'
ночь,Ночь музеев 1
К-209,ул. Коллонтай-ст. метро Петроградская""
К-343,'Станция метро "Проспект Ветеранов" - г. Ломоносов, вокзал'
К-297,ст. метро " Проспект Ветеранов" - ж. -д. станция Сосновая Поляна 
К-298,'Суздальский пр., уг. Гражданского пр. на -  пересечении Среднего пр. В.О. и 24-й линии В.О.'
К-214,'Выборгское шоссе, д.31-ТК"Лента"'
К-53,'станция метро "Купчино", Балканская пл. - Тепловозная ул., д. 32'
К-350,Станция метро "Купчино" - Автобусная станция "Наличная"
К-53а,станция метро "Площадь Александра Невского-2" - станция метро "Купчино"
К-302,'г. Сестрорецк, ул. Володарского - Новый район, больница '
К-305,Ст. метро "Старая Деревня" - пос. Приветнинское
К-100,'ул. Пестеля - Екатерининский пр., д. 3'
К-220,'ст.метро "Рыбацкое"-г. Колпино, Заводсокй пр.'
К-359А,'Уральская ул., д. 33 Уральская ул., д. 33'
К-359Б,'Уральская ул., у сада Декабристов Уральская ул., у сада Декабристов'
К-308,'станция метро "Удельная" (разворотная площадка) - ул. Савушкина, д. 134'
К-107,' ж.-д. станция Пискаревка - Инженерная ул., д. 4'
К-321,ул. Гидротехников - Петровская пл.
К-220А,'г.Колпино, Заводской пр.-пос.Металлострой, Центральная ул.'
К-325,ст. метро "Удельная" - ж.-д. станция Ручьи
К-330,'пр. Науки, д. 21 - ж. -д. станция Пискаревка'
К-333,пр. Героев - бульв. Новаторов до кинотеатра "Нарвский"
К-116,'Б. Смоленский пр. у пр. Обуховской Обороны - Звездная ул., д. 8'
К-339,'Ленинский пр., угол пр. Героев - ТЦ "МЕГА Дыбенко" '
К-418,'Софийская ул., д.95 - Станция метро "Купчино"'
К-224к,'автобусная станция "Кировский завод"-г.Петродворец, университет'
К-226,ул. Рихарда Зорге-ст. метро "Московская"
К-424,'Станция метро "Автово" - г. Петродворец, университет'
К-234,ул. Доблести-ст. метро "Проспект Ветеранов"
К-239,ст. метро "Проспект Большевиков"-ст. метро "Рыбацкое"
К-402,'г. Красное Село, Октябрьская ул. - г. Пушкин, автобусная станция "Железнодорожная ул."'
К-445В,'Ст. метро "Проспект Ветеранов" - г. Красное Село, Кингисеппское шоссе, д. 55'
К-241,'Выборгское шоссе, д.33-ст. метро "Проспект Просвещения"'
К-479,Станция метро "Звёздная" - Ж.-д. станция Шушары
К-245,'ст. метро "Кировский завод"-Красное Село, Нарвская ул.'
К-248,ст.метро "Приморская"-ул. Нахимова
К-250,ст. метро "Московские ворота"-ст. метро "Купчино"
К-150,Пискаревский пр. - ст. метро "Удельная"
К-138,'станция метро "Звездная" (Звездная ул., д. 3Б) - ул. Салова, напротив д. 61'
К-252А,'Станция метро Станция метро "Политехническая" - ТРК Северный Молл, пр. Культуры, д. 41'
К-530,Финляндский вокзал - Котово поле
К-268,'ст. метро "Рыбацкое" - пос. Саперный, Невская ул.'
К-261,Станция метро "Проспект Просвещения" - Пос. Юкки
К-264,Ж.-д. станция "Пискарёвка" - Станция метро "Ломоносовская"
1 ночь , «Исаакиевская пл. – Шпалерная ул.»    
301,'  АС "УЛ. КОСТЮШКО"-ГЕОЛОГИЧЕСКАЯ УЛ., 75"'
2М,А.С. "БАЛКАНСКАЯ УЛ." - СТ. МЕТРО "ПАРНАС"
5М,Репищева ул. - ст.Сортировочная
1МА,А.С. "УЛ. УШИНСКОГО" - СТ. МЕТРО "ПЛ. ЛЕНИНА"
1МБ,А.С. "ПР. МАРШАЛА ЖУКОВА" - СТ. МЕТРО "ЧЕРНЫШЕВСКАЯ"
2МА,А.С. "БАЛКАНСКАЯ УЛ." - СУВОРОВСКАЯ ПЛОЩАДЬ"
4М,Река Оккервиль-ст. м "Александра Невского"
3МА,НАЛИЧНАЯ УЛ.  - УНИВЕРСИТЕТСКАЯ НАБ.
2МБ,СТ. МЕТРО "ПАРНАС" - ТРОИЦКАЯ ПЛОЩАДЬ
3МБ,ДВОРЦОВЫЙ ПРОЕЗД - СТ. МЕТРО "РЫБАЦКОЕ"
4МА,река Оккервиль- ст. метро "Новочеркасская"
4 М,удалить
4МБ,"СТ. МЕТРО "АЛЕКСАНДРА НЕВСКОГО"  - СТ. МЕТРО "СЕННАЯ ПЛ."
5Мб,ст.Сортировочная - ст.метро "Адмиралтейская"
5Ма,Репищева ул. - ст.метро "Спортивная"
68А,СЧАСТЛИВАЯ УЛ. - УЛ. ПИОНЕРСТРОЯ
444,ржевка- деревня
Колпино,Колпино
GM,АС "Звездная ул." - Автозаводская ул. - АС "Звездная ул."
К-4,ст.метро "Площадь Александра Невского" - Синопская наб.(Единый центр документов)
К-6к,'Уральская ул. у Парка Декабристов-пл. Стачек, д. 5'
101А,'Г.КРОНШТАДТ, 19-Й КВАРТАЛ '
122А,СТ. МЕТРО ПИОНЕРСКАЯ - КАМЫШОВАЯ УЛ.
84-ШК,Ж.-Д. СТАНЦИЯ ПЕСОЧНАЯ - ПОС. НОВОСЁЛКИ
57А,АС "МАЛАЯ БАЛКАНСКАЯ УЛ."- СТ. МЕТРО "БУХАРЕСТСКАЯ"
7А,УЛ. КОРАБЛЕСТРОИТЕЛЕЙ - МОСКОВСКИЙ ВОКЗАЛ
2С,СПЕЦИАЛИЗИРОВАННЫЙ МАРШРУТ
5С,СМОЛЬНЫЙ
135,АЭРОДРОМНАЯ УЛ.- ОАО "КЛИМОВ"
191А,Р. ОККЕРВИЛЬ  - СТ. МЕТРО "ПЕТРОГРАДСКАЯ"
24А,ХАСАНСКАЯ УЛ. - СТ. МЕТРО "ВАСИЛЕОСТРОВСКАЯ"
10 А,А.С. "КРЕСТОВСКИЙ ОСТРОВ" - БАЛТИЙСКИЙ ВОКЗАЛ
135А,А.С. "КРЕСТОВСКИЙ ОСТРОВ" - СТАНЦИЯ МЕТРО "ПЛ. ВОССТАНИЯ"
В1,тестирование-тестирование
В1/1,тест-тест
1С-1,'ПР. ЭНГЕЛЬСА, 68 - СМОЛЬНЫЙ'
5С-1,'УЛ. КОРАБЛЕСТРОИТЕЛЕЙ, 35 - СМОЛЬНЫЙ'
5С-2,СМОЛЬНЫЙ - УЛ. КОРАБЛЕСТРОИТЕЛЕЙ
1С-2,'СМОЛЬНЫЙ - ПР. ЭНГЕЛЬСА, 68'
118Б,Правильный вариант: 118А
3С,Специализированный маршрут
0,А.С. "КИРОВСКИЙ ЗАВОД" - ПР. ГЕРОЕВ
Б/НОМЕРА,'Г. ПЕТЕРГОФ, УНИВЕРСИТЕТ - Г. ЛОМОНОСОВ, ВОКЗАЛ'
тест1,тест1
200а,'СТ. МЕТРО "ПРОСПЕКТ ВЕТЕРАНОВ" - СТРЕЛЬНА, ГМА ИМ. АДМИРАЛА С.О.МАКАРОВА'
302,КРАСНОСЕЛЬСКОЕ ШОССЕ - ГМА ИМ. АДМИРАЛА С.О. МАКАРОВА
303,КРАСНОСЕЛЬСКОЕ ШОССЕ - Ж.-Д. СТ. СТРЕЛЬНА
304,НОВО-НАРВСКОЕ ШОССЕ - Ж.-Д. СТАНЦИЯ "СТРЕЛЬНА"
184,АС "Московское шоссе" - ст. м. Бухарестская
184,УЛ. ШАВРОВА - ШУВАЛОВСКИЙ ПР.
1111,Тест111
6А,А.С. "НАЛИЧНАЯ УЛ." - ТЕАТРАЛЬНАЯ ПЛ.
118А,А.С. "УЛ. ПОДВОЙСКОГО"- СТ. МЕТРО "ЛОМОНОСОВСКАЯ"
7776,7776
109Б,Белоостровское шоссе- ст. метро "Озерки"
4М/,река Оккервиль - ст. метро Адмиралтейская
3М/,А/С "Наличная ул." - ст. метро "Рыбацкое"
197,АС "Звездная ул." - промзона Шушары - АС "Звездная"
С-4,СТ.МЕТРО "УЛИЦА ДЫБЕНКО" - СТ. МЕТРО "СПАССКАЯ"
К-3 МЕГА,ул. Дыбенко у Товарищеского пр. -  ТК "МЕГА Дыбенко"
К-180,'г. Пушкин, Славянка - г. Пушкин, вокзал '
300А,АС "Кировский завод" - боковой проезд Петергофского шоссе
8Х,Уткина Заводь - Херсонская ул.
51Б,ЗАВОД ЖЕЛЕЗОБЕТОННЫХ ИЗДЕЛИЙ № 1-УЛ. ГРИБАКИНЫХ
30АА,РЖЕВСКАЯ ПЛ.- СТ. МЕТРО "ЛАДОЖСКАЯ"
Центр 1,Центр 1
ВО ук,Васильевский остров  укор.
7,Проекты Елисеева
2Ч,УЛ.СПОРТИВНАЯ - СТ.М."ЧКАЛОВСКАЯ"
2Л,'Г.ЛОМОНОСОВ, ВОКЗАЛ - БРОНКА'
25,МАЛАЯ БАЛКАНСКАЯ УЛ. - СТ. МЕТРО "МЕЖДУНАРОДНАЯ"
S6,СТАДИОН-СТ.МЕТРО "ЧКАЛОВСКАЯ"
Sh2,ПЕСОЧНАЯ НАБЕРЕЖНАЯ - ГОРОДОК
Sh4,ПЕТРОВСКАЯ НАБ.-ГОРОДОК
186сп,ст.м Купчино
СП01,АС "МАЛАЯ БАЛКАНСКАЯ"- СТ. МЕТРО "БУХАРЕСТКАЯ"
СП006,'УЛ, ГРИБАКИНЫХ-УЛ,СОВЕТСКАЯ,ТОСНО'
6 сп ,АС "Александровская ферма"-м.ст.Площадь Александра Невского
375,'г. Пушкин, АС "Железнодорожная ул." - микрорайон "Славянка", Ростовская ул.'
14-А,А.С."КРЕСТОВСКИЙ ОСТРОВ" - А.С. КРЕСТОВСКИЙ ОСТРОВ"
0,Проекты маршрутов Мельникова
199,А.С."КРЕСТОВСКИЙ ОСТРОВ" - СПОРТИВНЫЙ КОМПЛЕКС "СПАРТАК" 
46/,БЕЛООСТРОВСКАЯ УЛ. - ст. метро "Горьковская"
49/,Двинская ул.- Садовая ул
С-5,ст.метро "Комендантский пр.- ст. метро "Международная"
52А,А.С.. "ПР. КУЛЬТУРЫ" - ПЛ. МУЖЕСТВА
0,Проекты маршрутов. Беляева.
30 А,ж/д станция" Ржевка"-ст. метро "Ладожская"
374А,'АС "Павловск" - г.Колпино, Заводской пр.'
328,'ПР.АЛЕКСАНДРОВСКОЙ ФЕРМЫ - Г.КОЛПИНО, ОБОРОННАЯ УЛ.'
198,АС "УЛ. ЖЕНИ ЕГОРОВОЙ" - СТАНЦИЯ МЕТРО "ПАРНАС"
К-2 МЕГА,К-2 МЕГА
56Х,Малая Балканская - ст.метро Ломоносовская
114Х,Счастливая ул. - ст.метро Елизаровская
30А,УЛ. ПОДВОЙСКОГО-РЖЕВСКАЯ ПЛ.
1,АС"Малая Балканская" - ЗАГРЕБСКИЙ БУЛЬВАР
ПРОЕКТ,'Г. ЛОМОНОСОВ, ВОКЗАЛ - Ж.-Д. СТАНЦИЯ "СТАРЫЙ ПЕТЕРГОФ"'
74А СП,АС "МАЛАЯ БАЛКАНСКАЯ УЛ."- СТ.МЕТРО "БУХАРЕСТСКАЯ"
00Е,ст. метро Елизаровская - ст. метро Ломоносовская
1ЧМа,СТ.МЕТРО "ВЫБОРГСКАЯ" - УЛ.СПОРТИВНАЯ
Sh1,СТ.МЕТРО "СПОРТИВНАЯ" - ГОРОДОК
к-406,'Кронштадт, Гражданская улица - СНТ "Красногорские Покосы"'
4СП,АС Счастливая улица - Стадион Пингвин
СП003,СТ. МЕТРО "ЮЖНАЯ" - РОСТОВСКАЯ УЛ. 
14-Б,А.С. "КРЕСТОВСКИЙ ОСТРОВ" - А.С. "КРЕСТОВСКИЙ ОСТРОВ"
22/,улица Стасовой-Двинская улица
375А,'г. Павловск, Звериницкая ул. - микрорайон "Славянка", Ростовская ул.'
38Т,38Т
60-К,АС "ПР. МАРШАЛА ЖУКОВА" - АС "КИРОВСКИЙ ЗАВОД"
39э,СТ.М. МОСКОВСКАЯ - АЭРОПОРТ "ПУЛКОВО 1"
388,'АС ЗВЁЗДНАЯ УЛ. - МИКРОРАЙОН "СЛАВЯНКА", РОСТОВСКАЯ УЛ.'
51А(2),АС "УЛ. ГРИБАКИНЫХ"- СТ. МЕТРО "РЫБАЦКОЕ"
155Б,СТ. МЕТРО "ПР. БОЛЬШЕВИКОВ"
155А,ст. метро "Большевиков"
1,АС Наличная ул. - Гостиный двор
К-389,' Кирочная ул., д. 28, литера А, угол Мелитопольского пер.-пр. Мечникова, д. 36'
12Х,ул. Подвойского - Рощинская ул.
154Х,ст.метро Старая Деревня - Камышовая ул.
8В,АС "ТРОИЦКОЕ ПОЛЕ"- СТ. МЕТРО "ПЛ. АЛЕКСАНДРА НЕВСКОГО"
S1,АЭРОПОРТ "ПУЛКОВО" - ПЛ.ВОССТАНИЯ
СП004,СТ. МЕТРО "СТАРАЯ ДЕРЕВНЯ"-СТ. МЕТРО "СТАРАЯ ДЕРЕВНЯ"
5СП,АС Подвойского- ул. Коллонтай
СП230,СЧАСТЛИВАЯ- Ж.-Д. СТАНЦИЯ "СЕРГИЕВО"
С-3,СТ. М. "ПРИМОРСКАЯ" - СТ. М. "РЫБАЦКОЕ"
351А,'Г. ПЕТРОДВОРЕЦ, ВОКЗАЛ - Ж.-Д. СТ. СТАРЫЙ ПЕТЕРГОФ'
К-1 МЕГА,К-1 МЕГА
77Х,АС Белорусская - ст.метро Ладожская
93Х,АС Лахтинский разлив - Суздальский пр.
200А,АС Кировский завод - ж/д ст. Новый Петергоф
56А СП,АС " МАЛАЯ  БАЛКАНСКАЯ"- СТ.М. "ЕЛИЗАРОВСКАЯ"
6ЧМ,ПЛ. ВОССТАНИЯ - АС "КРЕСТОВСКИЙ ОСТРОВ"
S4,СТ.МЕТРО "ВЫБОРГСКАЯ" - АС "КРЕСТОВСКИЙ ОСТРОВ"
Sh3,АПТЕКАРСКАЯ НАБ. - ГОРОДОК
К-210А,'ОЛЬГИНО, "КОННОЛАХТИНСКИЙ ПР." - Ж.Д. СТАНЦИЯ ГОРСКАЯ'
К-68а,'ул. Пионерстроя, д.31 - микрорайон Ленино'